0,0,0,0,0,0,0,0,0,0,0,0,0,0,0,0,0,0,0,0,0,0,0,0,0,0,0,0,0,0,0,0,0,0,0,0,0,0,0,0,0,0,0,0,0,0,0,0,0,0,0,0,0,0,0,0,0,0,0,0,0,0,0,0,0,0,0,0,0,0,0,0,0,0,0,0,0,0,0,0,0,0,0,0,0,0,0,0,0,0,0,0,0,0,0,0,0,0,0,0
0.04,0.957873258534917,0.914061160102934,0.868880489574219,0.822630955178511,0.775681785091756,0.728334575202272,0.680985411220759,0.63391210069516,0.587510625773433,0.54201160892604,0.497785786489087,0.45499831461438,0.413974122564632,0.374801747018253,0.337746238780653,0.302816385167735,0.270210599497627,0.239862522038515,0.211904205742281,0.186205155005851,0.162837189039923,0.14162106509875,0.122578573166125,0.105499160122345,0.0903668899020245,0.0769571584766136,0.0652288644208071,0.0549586313743333,0.0460915597400041,0.038417603427723,0.0318773063509049,0.0262823389642012,0.0215754007099833,0.0175945903712959,0.0142889856325155,0.0115246248520575,0.00925904691358021,0.00738526583314738,0.00586973640466603,0.0046298153768154,0.00364024522556055,0.00283917717590261,0.00220841783482521,0.00170306651152399,0.00131055468363414,0.000999229899596521,0.000760750728571343,0.000573433802804996,0.000431954175327506,0.0003218690419198,0.000239905318594331,0.000176706125834348,0.000130332046187675,9.48862655863445e-05,6.92590478750426e-05,4.98358645871191e-05,3.60016311396305e-05,2.56023785910732e-05,1.83060564589092e-05,1.28658168350648e-05,9.10540651516372e-06,6.32470326824213e-06,4.43033508752197e-06,3.04176913452965e-06,2.10862569666916e-06,1.4313558581759e-06,9.81676198951219e-07,6.59137864756476e-07,4.46995430597312e-07,2.97106501538839e-07,1.99037145596447e-07,1.31127684357239e-07,8.66457496012574e-08,5.66912865433794e-08,3.68607030326027e-08,2.40240163494558e-08,1.53147630212309e-08,9.98734458478311e-09,6.20836619771163e-09,4.0778236689978e-09,2.45218483862656e-09,1.63774143966643e-09,9.41725010743505e-10,6.48281149289097e-10,3.50516929947412e-10,2.53549898970538e-10,1.25826230916046e-10,9.82729890127378e-11,4.32188587095963e-11,3.78707032401089e-11,1.4014228537647e-11,1.45562761239816e-11,4.18814261796446e-12,5.59070004866922e-12,1.11379975912192e-12,2.13735370247866e-12,3.0185495253698e-13,7.96018691769775e-13,2.92147404849973e-13
0.08,0.975201501916902,0.949338055612418,0.922488823994908,0.89473600243738,0.866176211878522,0.836902432919376,0.807025555197206,0.776645569065871,0.745883753522364,0.71484287967159,0.683650283193049,0.652407096473865,0.621242194309264,0.590250738768062,0.559558718454168,0.529251351076451,0.499447668243475,0.470219565027977,0.441675625511494,0.41387182703905,0.386903567933811,0.360809218745339,0.335669113098067,0.311503282931861,0.288376015036618,0.266289207931223,0.245290986718273,0.225366173779089,0.206547396942589,0.188804174568143,0.172154947585426,0.156556243698665,0.142014110709787,0.128474748137687,0.115933912879929,0.104330294588705,0.0936515984783627,0.08383179956759,0.0748527730060469,0.0666463988037419,0.0591907981514685,0.0524180819607494,0.0463044526775872,0.0407842043521656,0.0358331540586779,0.0313893155089616,0.027429323860673,0.0238960256752425,0.0207677483012588,0.0179928819668673,0.0155520142287199,0.0133994298134201,0.011518277610541,0.0098687839599948,0.00843674175817847,0.00718812539426527,0.00611128768364452,0.00517758052282083,0.0043777158702545,0.00368793522063392,0.00310103714490979,0.00259759970364206,0.00217220141487629,0.00180918176865245,0.00150458777826734,0.00124595628615307,0.00103050766667043,0.00084844673528202,0.000697902009771354,0.000571266710712302,0.000467349469885819,0.000380310137131576,0.000309448937219454,0.000250330758570879,0.000202597157560363,0.000162914978140151,0.000131151543941831,0.000104826695014788,8.39478272834093e-05,6.66869915268054e-05,5.31305472963232e-05,4.19435214830568e-05,3.3249549563042e-05,2.60823029841143e-05,2.05757415575836e-05,1.60365158963689e-05,1.25926812188636e-05,9.7513024060233e-06,7.62574354918204e-06,5.86925394776222e-06,4.57658877145696e-06,3.50736118348888e-06,2.7367218039909e-06,2.10213820302011e-06,1.65965976333125e-06,1.30510895589811e-06,1.07643095709657e-06,9.15790206600286e-07,8.43842530843386e-07
0.12,0.982475407718407,0.964190039585917,0.945170757166732,0.925455021930982,0.905073893463627,0.884075822567535,0.862495055808218,0.840390358785711,0.817797942966995,0.794785926686397,0.771391097770843,0.747689715654003,0.723717644544028,0.69955787320492,0.675243793345001,0.650863569227148,0.626446588818488,0.602084559307739,0.577801418052812,0.553690768755485,0.529769798744306,0.506132410783838,0.482787946011463,0.459829115044222,0.43725656537143,0.415160479315067,0.39353224466722,0.372458372495433,0.351920724705204,0.332001217339345,0.312672223733188,0.29401037364529,0.275978881900319,0.258648634167457,0.24197428566845,0.226020743271245,0.210734935341397,0.196175758367256,0.182283436892255,0.169111001182469,0.156593136096463,0.144777293151215,0.133593870966226,0.123085138127805,0.11317849828464,0.103911506077005,0.0952098507242057,0.0871068817435679,0.0795278003176302,0.0725022696895708,0.0659561386079019,0.0599158878182057,0.0543090296568534,0.0491593314061553,0.044396844976259,0.0400430444820258,0.0360312451842551,0.032380991096381,0.0290294279904762,0.0259944721229378,0.0232175128013746,0.0207150809051531,0.0184330764020972,0.0163868313171912,0.0145268902274171,0.0128675234684968,0.0113639369051001,0.0100294349487503,0.00882380199438628,0.00775943945918667,0.00680054670956626,0.00595866071417086,0.00520216992897286,0.00454176880685747,0.00394976425528736,0.00343602021804054,0.00297646277269493,0.00258013278946822,0.00222626191491887,0.00192307472425498,0.00165279290355609,0.0014228333335631,0.00121810076879041,0.00104521595549054,0.000891477058519453,0.000762723159932514,0.00064838080615841,0.000553523753382244,0.000469472802604836,0.000400552769644531,0.000339781193634094,0.00029074800889714,0.000248012290362499,0.000214438131049941,0.000186019588369579,0.000164896175501596,0.000148446716854348,0.000138077081016886,0.000132566847401926
0.16,0.986586647163075,0.972593582739857,0.958029451953898,0.94291535095992,0.927259052779132,0.911091651028685,0.894419440289276,0.877283656442424,0.859688433488981,0.841685133433602,0.823274986620194,0.804519305070804,0.785415630196534,0.766034893835554,0.746370142903997,0.726501455221193,0.706416581652308,0.68620414307827,0.665845822488158,0.645438069772403,0.624955784052067,0.604502439574768,0.584045516808363,0.563694641304212,0.543409344844692,0.523304485744236,0.503331242507952,0.483608764876691,0.464079615847982,0.444866294052355,0.425902639529474,0.407313575799332,0.389024274663851,0.371161196326438,0.353641063313976,0.336591034428965,0.3199197628394,0.30375432911192,0.287995849475339,0.272770618514388,0.257972887258567,0.243727530287612,0.229922727199315,0.21668137392952,0.203886473820972,0.191658459953438,0.179876132950311,0.168657050115593,0.157876836724209,0.147649827859897,0.137849529627699,0.128586768930761,0.119733993095199,0.111398288694639,0.103452085576189,0.095998544737805,0.0889110794949795,0.0822887801595739,0.0760069855061248,0.0701606038537967,0.0646277669890405,0.0594991180402751,0.0546563628745049,0.0501858193894696,0.0459734536666104,0.0421012173054038,0.038459922969969,0.0351271303866621,0.0319989840989662,0.0291486389813037,0.0264779577118653,0.0240556874447801,0.0217897013176224,0.0197443437283192,0.0178337045652952,0.0161177359780377,0.0145168752452723,0.0130866958023487,0.0117540498853788,0.0105701458280374,0.00946826985372768,0.00849527532897748,0.00759086926857574,0.0067975524242333,0.00606142516956278,0.00542062506228029,0.00482762382825589,0.00431616627877872,0.0038451003462074,0.00344372264225231,0.00307731243364614,0.00277062903007508,0.00249551413791387,0.00227205856908356,0.00207890196127389,0.0019312843896045,0.00181501492075152,0.00174024040984429,0.00170048226557507
0.2,0.98924758653407,0.978034815979943,0.966365544635808,0.954248277478847,0.941688004035239,0.92869783858172,0.915283740655043,0.901463515219815,0.887243876834792,0.872647333329207,0.857681089964051,0.842372299520193,0.826728348525763,0.810780907728753,0.794537196296459,0.778033209780131,0.761275619652552,0.744304491596038,0.727125546190951,0.709782609356086,0.692280034641559,0.674665050760609,0.656940225840766,0.639155795186561,0.621312131943899,0.60346205262522,0.585603345779187,0.567790964596457,0.550019754103679,0.532346350629922,0.514762337457749,0.497325581398808,0.480024135404028,0.46291665432481,0.445987449378181,0.429295539701358,0.412821346485134,0.396623855468468,0.380679516753046,0.365046917164508,0.349698524089862,0.334692196786312,0.31999647800312,0.305668210853007,0.291672139593449,0.278063844441361,0.264804461960338,0.251948104873342,0.239452552478259,0.227370286578142,0.215656032870736,0.204360517845507,0.193435763015358,0.182930651079023,0.172794886253694,0.163075450999927,0.153720147861853,0.14477403020136,0.136183434368967,0.127991478570739,0.12014347960733,0.11268063235588,0.105547683669605,0.0987839299402119,0.092333993192409,0.0862353045404524,0.0804327953815489,0.0749620688238349,0.0697687837020206,0.0648867526085248,0.0602627599144691,0.0559288620951701,0.0518333448848827,0.0480065372207795,0.0443985790762845,0.0410380924915534,0.0378774026297514,0.0349434358381537,0.0321910142785606,0.0296453694907694,0.0272641178851874,0.0250707864909256,0.0230260750727308,0.0211517861967265,0.0194119922221118,0.017826742006698,0.0163637800576839,0.0150413645812589,0.0138312342238447,0.0127498141745702,0.0117731957719312,0.0109159264206959,0.0101588614526027,0.00951462716883022,0.00896932526024129,0.00853362383698067,0.00819944488834183,0.00797547331223837,0.00786013965602177
0.24,0.991111183352013,0.98184421007179,0.972209681648322,0.962194504222639,0.951824183049131,0.941073960223104,0.929985373324412,0.918520928239719,0.906739255480363,0.894589060978359,0.882147046595343,0.869347075668908,0.85628480415142,0.842878244782531,0.829242782148743,0.815279619207289,0.801124524188069,0.786660994515027,0.772045707563455,0.757143637703166,0.742132758992281,0.726858798160618,0.711521268698625,0.695946032368917,0.680354234948743,0.664551376808966,0.64878017562798,0.632825407529242,0.616951146892538,0.600921227707141,0.585020711211216,0.568992426206567,0.553141898159049,0.537191050552157,0.521465201110325,0.505665636901181,0.490136651523863,0.474559337542404,0.459296009885917,0.444008183276289,0.429075108685648,0.414139513862707,0.399596378193045,0.385070604725557,0.370971580469027,0.356907512470873,0.343300771165572,0.3297441557183,0.31667150248883,0.303661641488202,0.291158274425399,0.278727841153324,0.266822235194346,0.254997213973844,0.243711126097935,0.232510870692518,0.221859460697647,0.211296864757041,0.201288923711053,0.191370694617994,0.182008971353402,0.172735997352085,0.164017612148983,0.155385411679163,0.147302345592776,0.139301587343341,0.131841235502503,0.124458317848005,0.11760409548477,0.110821774677492,0.104553765639523,0.098351823385512,0.0926474624138876,0.0870034052413005,0.0818381873401886,0.0767279724415431,0.0720761851888859,0.0674749701487597,0.0633104477600805,0.0591933647255801,0.0554902660438749,0.0518332244129945,0.0485668407116501,0.0453473662581764,0.0424949687636996,0.0396930912376765,0.0372348325544169,0.0348340381416664,0.0327539262366938,0.0307421957709656,0.0290291637916472,0.0274001222213375,0.0260492220981693,0.0248034293363039,0.0238171817816212,0.0229635996159831,0.022353537658126,0.0219112117490197,0.0216996592095059
0.28,0.992484769205839,0.984653365943411,0.976520171451728,0.96806040334157,0.959310793453302,0.950225924433946,0.940866741998551,0.931165418496594,0.921208930587992,0.910905281779934,0.900369231608133,0.889482890154153,0.878390467558072,0.866946507871395,0.855326236412307,0.843355029252533,0.83124056970398,0.818777553688207,0.806207425549056,0.793292798011416,0.780310022502913,0.766988353949318,0.753640023742078,0.739959801890432,0.726296584491574,0.712309695507796,0.698385278772589,0.684146434762151,0.670016924333607,0.655583047384766,0.641306326969589,0.626735901032606,0.612370967261327,0.597723369860317,0.583329654030472,0.568664480222864,0.554301169473487,0.539677560587955,0.525402930998424,0.510878920497423,0.496749694250939,0.482381582590616,0.468452320709757,0.454294090329796,0.440616631605293,0.426719412205095,0.413342367834803,0.39975396091908,0.386722273094757,0.373486743446721,0.36084131472047,0.347998655034974,0.335776053818186,0.323361927254603,0.311594173305688,0.299639737256959,0.288354169556762,0.276885982532856,0.266105210584248,0.255145222829622,0.244887161203831,0.234452788560534,0.224730773496771,0.21483505313418,0.20565803922549,0.196309865225133,0.187682699730013,0.178887136173602,0.170810908310725,0.16256957749783,0.155042040233004,0.147353583970077,0.140369646304817,0.133230258869142,0.126782547494512,0.120186579885824,0.114266070270002,0.108206706710358,0.102803425230651,0.0972734345416092,0.09237723512887,0.0873698015762478,0.0829712224790686,0.0784808628915635,0.0745720715463605,0.0705956479365316,0.067171484493668,0.0637093239785031,0.0607684567184518,0.0578255931804348,0.0553718017798379,0.0529593563439164,0.0510029616282841,0.049139681557844,0.0476991429006328,0.0464131208247621,0.045516824602105,0.0448474219505771,0.0445356863022865
0.32,0.993533046437824,0.986805489053832,0.97981146502092,0.972557771967809,0.965033013103184,0.957251672326591,0.949196295199832,0.940889657624237,0.932307714460074,0.923482123581234,0.914381710395188,0.905047583351356,0.895440898061699,0.885612755182518,0.875516103116775,0.865212543849273,0.854646289003318,0.843889913091433,0.832878374505215,0.821695648330807,0.810266941993714,0.798688011048861,0.786873838814918,0.774932288342037,0.762767676394698,0.750500243276692,0.738023233708981,0.725469473690415,0.712720773733409,0.699922688981166,0.686945283298582,0.673946916143869,0.660785648391475,0.647632647814619,0.63433377832217,0.621072946330956,0.607683693286822,0.594362518785833,0.580930590680337,0.567596778725018,0.554169906032224,0.540870910504323,0.527496384653126,0.514278952385727,0.501003179994123,0.487912914221948,0.474780994352846,0.46186194507873,0.448917276935786,0.436211565403921,0.423495493440374,0.411042977411705,0.398594480296317,0.386432466255583,0.374287895553256,0.362450903367597,0.350643777175938,0.339163362100676,0.327724218267213,0.316628854585463,0.305585167543489,0.294900197562795,0.284276362296721,0.274024013937382,0.263841400149412,0.254040875973074,0.244317955198178,0.234985595466451,0.225738143694918,0.21688766593727,0.208129044272274,0.19977186189679,0.191513377912152,0.18365900062278,0.175910353401256,0.168566872595754,0.161336684921881,0.154511347833389,0.147807789681083,0.141507666783131,0.135339175062657,0.129571926164241,0.123948026653238,0.118722772140184,0.113655010587428,0.108983315382415,0.104486305899987,0.10038328487042,0.0964758848691848,0.0929614395540655,0.0896680615686107,0.0867682591574163,0.0841203308798201,0.0818689372832644,0.0799065219010191,0.0783467014216089,0.0771202908456567,0.076306485292744,0.0758789789710356
0.36,0.994356060747169,0.988497871991037,0.982396496537068,0.976096467361611,0.969530808754041,0.962785163262611,0.95575111656443,0.948558909406296,0.941055265541146,0.933418509919761,0.92544708133514,0.917370846567397,0.908936561888472,0.900429037966203,0.891540003256268,0.882612530346448,0.873280055098322,0.863947116463235,0.854185703010138,0.844464880423239,0.83429217606762,0.824204067433714,0.813640779236223,0.803208878783493,0.792278651619324,0.781529193702383,0.770258452865023,0.759220221088948,0.747637981388456,0.736342085420017,0.724479729370828,0.71295935243157,0.700850380740663,0.689140501364698,0.676820259502827,0.664957351678958,0.652462736835023,0.640484453128519,0.627853606301241,0.615798448957453,0.603070437322533,0.590977422687198,0.578191917687482,0.566100239533819,0.553297196372649,0.541245893902735,0.52846523827699,0.516492874666449,0.503774202658804,0.491918560044196,0.479300857109245,0.467598653883808,0.455120038817722,0.443606675012624,0.431304174700701,0.420013511097024,0.407922871699479,0.396887048153622,0.385042588230069,0.374291886516187,0.362726397417335,0.352289153709406,0.341033852394498,0.330936424342386,0.320020963626786,0.310287756839327,0.299740297951283,0.290393856597918,0.280241208838382,0.271302375030261,0.261570207293944,0.253058353914284,0.243771482850376,0.235704824577459,0.226887584247564,0.219283571653705,0.210960269681503,0.203836071494645,0.196031536890909,0.189404615764398,0.18214484384149,0.176033631278738,0.16934653132431,0.163771207729449,0.15768745936776,0.152670845515872,0.147224869918804,0.142793436428598,0.138024488713088,0.134209490323575,0.130162879547842,0.127001621105099,0.123730064207123,0.121267305208825,0.118832420966536,0.117121925236447,0.115595873814908,0.114702110329093,0.114169383157513
0.4,0.995019599041034,0.989849839712325,0.984481272554615,0.978924650131185,0.973160445843089,0.96721095713821,0.96104566916383,0.954699409847885,0.948129751052261,0.941385039248471,0.934409999419747,0.92726748040171,0.919888424032377,0.912351153966924,0.904571896374162,0.89664540331635,0.888472263445674,0.880164584100451,0.871606412683698,0.862928103796772,0.853996285900391,0.844960409524097,0.835668840921207,0.826290923213768,0.816655960437434,0.806953924089445,0.796994308468235,0.786988379301379,0.77672513573428,0.766437724476907,0.755894036165735,0.745349596870488,0.734550657686553,0.723775524709341,0.712748371320043,0.70177057722032,0.690543903533822,0.679392980676743,0.667996937572547,0.65670370660834,0.645169690303147,0.633766039063016,0.622126471810116,0.61064512848722,0.598933235620452,0.587407540396272,0.575657128004109,0.564120807533186,0.552366045283628,0.54085299466298,0.52912820849604,0.517672285520379,0.506011765083245,0.494646601725587,0.483084427548773,0.471843263711172,0.460413159215353,0.44932870387038,0.438063917357613,0.427168242252462,0.416101464076728,0.405425935203502,0.394589255339063,0.384164507392115,0.373589418629036,0.363445377678017,0.353162829676823,0.343328789286759,0.333369298722425,0.323874054752983,0.314267876774794,0.305139926091831,0.295917292321165,0.287185100654978,0.278376528936767,0.270068873121082,0.261705554233423,0.253851944052715,0.245966210556841,0.238597395409782,0.231223277780644,0.224371843323899,0.217545718427958,0.211246778283755,0.205008115149947,0.19930010262572,0.193692310269419,0.188617874828157,0.183689256614379,0.179296269526418,0.175101088172507,0.171443761346877,0.168043418138626,0.16518353954533,0.162647870643809,0.160656158966264,0.15906485078347,0.158022430949847,0.157466555436884
0.44,0.995563190821287,0.990949325262558,0.986189617947823,0.981225514211564,0.976136208441805,0.970813771274666,0.965389696933598,0.959702387583972,0.953940016160182,0.947882970512109,0.94178051509242,0.935350650695054,0.92890815290263,0.922104263303134,0.915323665666031,0.908146500595779,0.901031702996782,0.893484033135337,0.886040932190623,0.878127597437649,0.870364107878327,0.862092048298289,0.854018105682695,0.84539637454842,0.837023918911336,0.828063677557008,0.819406617901262,0.810121112399847,0.801195272252338,0.79159979225277,0.782422836836796,0.772534657228524,0.763126003143112,0.752964309555436,0.743345018195965,0.732930817682717,0.723123473981122,0.712479492583426,0.702508070986636,0.691658640203531,0.681548360141537,0.670519294666434,0.660296468082992,0.649114937479611,0.638806811305889,0.627501208597462,0.617135805339188,0.605735615766632,0.595341575646332,0.583877249112585,0.573483677458661,0.561986508415836,0.551622832218317,0.540124850970452,0.529820688728654,0.518354568314966,0.508139617484714,0.496738600475923,0.4866425469836,0.475340396666946,0.465392851094658,0.454223831641731,0.444454296802808,0.433453187108188,0.423891061825324,0.413093207773145,0.403767831742785,0.393209241702165,0.384149986377871,0.373867474745584,0.365103885198924,0.355135268796947,0.346697261515036,0.337081613608897,0.328999735159973,0.319777701787266,0.312083453225349,0.303297636407211,0.296023868188157,0.287719280433274,0.280900662470126,0.273125256762845,0.266798828049262,0.259604107230818,0.253809909196879,0.247251618290309,0.242033415712722,0.236172320294859,0.231578413149548,0.226481166323166,0.222565295426979,0.218305395277379,0.215127743900557,0.21178658251712,0.209414875341713,0.207082879529394,0.205593579363185,0.204371442044673,0.203851043557376
0.48,0.996009522948607,0.991866762053981,0.987592588579031,0.983146023428373,0.978581026072329,0.973822608379814,0.968960811471017,0.963883669241645,0.958720346675694,0.953318886605401,0.94785065275351,0.942120655946418,0.936345548455263,0.930284258264329,0.924201811583744,0.917808012460877,0.911419321031255,0.904693407376355,0.898001177526595,0.890945211651611,0.883953801400479,0.876571559873833,0.869287005991627,0.861584013799193,0.854014045671535,0.845997597821326,0.838151637861052,0.829830808268222,0.821719958842881,0.813105596557575,0.804742613636824,0.795847326717481,0.78724658069428,0.778084708280904,0.769262132680403,0.759849706083233,0.750822735140843,0.741177429027247,0.731964925389937,0.722106000423286,0.712728174502843,0.702676413058815,0.6931547358399,0.682932372695387,0.673289484072051,0.662920134226781,0.653179749206067,0.642688335254647,0.63287515062254,0.622287832342398,0.612427436633376,0.601771545689508,0.591890335534078,0.581194318422537,0.571319424565371,0.560612797121722,0.550772023604411,0.540085340589003,0.530307120774054,0.519671964210791,0.509985337485534,0.499434327572883,0.489868940711456,0.479435773241541,0.470021910518052,0.45974142482959,0.450510071063697,0.440418352614695,0.431401293389648,0.421535815063312,0.412765778383058,0.4031655846321,0.394676428274939,0.385382366161476,0.377209314939055,0.368264316035401,0.360444253072876,0.351893670047613,0.344465486058383,0.336357487576553,0.329362491906911,0.321748519216652,0.315230916175332,0.308166204428604,0.30217363808586,0.29571780504047,0.290301975272929,0.284519679538467,0.279737031600589,0.27469870201338,0.270611191324863,0.266393828357648,0.263069761498879,0.25975781082047,0.257272762915825,0.254959060305669,0.253396868037793,0.252183653821815,0.251637482250544
0.52,0.996379375269997,0.992643170948006,0.988755356265139,0.98477175573354,0.980607958283552,0.976370778994041,0.971923044306814,0.967427030128681,0.962688334861128,0.957929236322903,0.952893578031545,0.947868227867585,0.942530710879903,0.937237093979392,0.93159401050877,0.926031327413631,0.920080233115324,0.914248956279936,0.907988739515363,0.901890661624906,0.895321605788667,0.888959879534314,0.8820837179026,0.875462886730299,0.868282849410275,0.861408868895001,0.853929721591742,0.846809971240043,0.839038045709716,0.8316813311591,0.82362454738322,0.816041093146239,0.807708973440675,0.799910406533014,0.791314081995398,0.783313406989267,0.774465616887898,0.766277183142837,0.757192268057206,0.748831730098106,0.739525619833779,0.731009892068545,0.721500089585234,0.712847296779938,0.703152859588947,0.694382284744402,0.68452380544798,0.675655836946155,0.665655424804227,0.656711504913579,0.646592770530545,0.637595347573787,0.627383392996977,0.618355879690776,0.608077296400365,0.599044037071466,0.588726914516526,0.57971316408042,0.569387111574693,0.560419029328675,0.550115214259947,0.541219875689585,0.530971081115305,0.522176511039236,0.512017215835372,0.503352446315062,0.493318931112031,0.484814087627611,0.474944569803064,0.466630989240267,0.456965790240185,0.448876174243227,0.439457922466354,0.43162652968353,0.422500402085634,0.414963282764227,0.40617728821384,0.398972564484377,0.390577871725875,0.383746066747898,0.375797379596342,0.369381798513798,0.361937780613747,0.355984945982444,0.34910869710486,0.343668841101701,0.337428426523683,0.332556041821951,0.327025075828156,0.322779526519284,0.318037810476174,0.314484003830699,0.310618218610424,0.307827337793815,0.304931789558956,0.30298208664705,0.301159504146878,0.300137151916513,0.299499532486928
0.56,0.996695717514703,0.99329286438122,0.989750052040693,0.986132456625809,0.982342455132144,0.978504323055174,0.974459101157698,0.970395358022684,0.966087593824948,0.961793953576871,0.957217114818277,0.952690145298197,0.947838567974946,0.943075753003516,0.937944717711984,0.932944515060243,0.927530320476394,0.922292215125065,0.916592248076666,0.911116800220683,0.905129601865031,0.899418489188974,0.893143816877783,0.887199870710252,0.880638755205199,0.874465990255822,0.867620788052808,0.861224425544259,0.854098866171239,0.847485350299807,0.840084578571585,0.833261586362862,0.825592199705682,0.818568644475996,0.810638725574198,0.803424754362466,0.795243899527784,0.787850885025412,0.779430228845413,0.771870756522326,0.763222993506537,0.75551084480802,0.746650248916951,0.738800381586995,0.729742824698748,0.721771351469444,0.712534322009058,0.70445848908025,0.695061112206376,0.68689927912343,0.677362340033231,0.669133962751192,0.659479934825295,0.651205553922785,0.641458633585267,0.633159869758785,0.623346020070177,0.615045579196691,0.605192584328138,0.596914274528303,0.587051807379697,0.578820570643192,0.568980275964424,0.560822237009758,0.551037832459336,0.542980367590315,0.533287765216299,0.525359594002874,0.515797044654293,0.508028347303674,0.498636610472953,0.491059173764215,0.481881715319179,0.474529109947587,0.465612330131897,0.458520122244247,0.449913616203858,0.44311961579947,0.43487646872636,0.428421017446079,0.420598136215188,0.41452443683898,0.407182919746368,0.401537409464868,0.394742955350902,0.389575724563644,0.383399082220921,0.378764340240242,0.37328179855877,0.369238387159879,0.364532305948667,0.361144261199837,0.357303642041983,0.354640804271465,0.351761900117084,0.349900571222767,0.348087532699368,0.347111179281981,0.346476734904809
0.6,0.996971724015741,0.993834891999822,0.990618038415918,0.987267879929581,0.983856424808296,0.980285199553613,0.97667364446754,0.972874127054373,0.969057559770521,0.965023109338625,0.960997263450063,0.956721893123832,0.952483206138262,0.947961651867777,0.943507321275417,0.93873510963153,0.934063146497013,0.929036661011279,0.92414594066621,0.918862486338997,0.913752795793858,0.908210661436127,0.902882743182453,0.89708126130876,0.891536853245162,0.885476457297312,0.879718328585883,0.873400607338362,0.867432590081204,0.860860339160727,0.854687355879443,0.847864626421349,0.841492713424903,0.834424857988158,0.827861184826053,0.820554900795625,0.813807786113012,0.806271156932549,0.799350081170933,0.79159261586901,0.784508231389566,0.776540902988194,0.76930504233322,0.761140325856532,0.753766009006931,0.745417919939576,0.737919361571063,0.729403495748307,0.721796113634634,0.713129689677786,0.705430115534039,0.696632021073759,0.688858115274725,0.679948958329073,0.672119830074955,0.66312199706662,0.655258031698739,0.646195753704496,0.638318648994913,0.629218077917717,0.621350891266519,0.612240187704215,0.604407396274049,0.595316830925999,0.587544406822706,0.578506477323946,0.570821979992159,0.561871545091293,0.554304233131745,0.545478666130847,0.538059630759051,0.529398994108395,0.522161316459282,0.513708559343907,0.506687493780968,0.498488674446864,0.491721859954185,0.483826394396334,0.477354096014687,0.469815034484381,0.463680416595113,0.456554749177037,0.450804182236958,0.444153174494825,0.438836576578825,0.432726135969267,0.427897350182298,0.422398423588107,0.418115632062087,0.413304634395711,0.409630809187772,0.405590082562793,0.402593473317442,0.399411775778509,0.39716643350659,0.39493945574657,0.393525791507864,0.392356699385141,0.391862076039288
0.64,0.997206165708933,0.994306935556077,0.991355394834439,0.988256882209769,0.985142835936835,0.981836888522258,0.978555966447884,0.975034809038073,0.971583118349574,0.967839417830003,0.964213591035825,0.960240522548509,0.956437764309325,0.952229078317814,0.948247210864672,0.943797300836338,0.939634807631532,0.934938778068001,0.930594845387827,0.925648579953931,0.921123136103781,0.915923365631828,0.911217117543364,0.905761487723082,0.90087595473076,0.895163093336035,0.890100637986051,0.884130221537466,0.878894077346265,0.872666897163492,0.867261193315167,0.860779220975058,0.855209004027067,0.848475456311647,0.842746709065902,0.835766112558797,0.829885770349843,0.822664025919492,0.816639990672626,0.809184438165128,0.803025590684128,0.795345074236963,0.789061285292784,0.781166219771929,0.774768360679222,0.766670799835237,0.760170753321808,0.751884460354086,0.745295132648085,0.736835653959195,0.730170989138587,0.721555732151129,0.714830729918265,0.706079045913102,0.6993097840724,0.690443057087968,0.683646720114971,0.6746884630206,0.667883378214153,0.658859337134099,0.652065019938094,0.64300328825516,0.636240498420015,0.627171641626129,0.620462451950815,0.611419644634471,0.604787524085043,0.595806700349863,0.589276613387776,0.580396631980258,0.573995155950814,0.565257981336241,0.559013443761752,0.550464344322938,0.544406981914209,0.536094746355886,0.530256887496796,0.522234060416766,0.516650332787664,0.508973470222148,0.503681035106031,0.496410980668952,0.491449795327657,0.484651977339972,0.480065086653782,0.473809836397857,0.469643694728959,0.464006585662953,0.460311409629499,0.455373617056828,0.452203769588468,0.44805244989703,0.445466855583779,0.442195543748633,0.440258135092214,0.437967158674249,0.436747352404669,0.435544259777531,0.435117461908124
0.68,0.997401035393404,0.994732184445123,0.991968351492566,0.98914798605794,0.986212427250854,0.983235355276052,0.980121494145196,0.976982863955748,0.973684457505733,0.970379803812043,0.966890996249065,0.963416286454351,0.959731664001128,0.95608334457112,0.952197991165384,0.948373033826145,0.944282587505905,0.940278535048342,0.935979244839023,0.931794256326401,0.927283039461976,0.922915934660206,0.918190433992857,0.913640736872781,0.908699378353618,0.903967359549997,0.898809409696864,0.893896127850447,0.888521751158031,0.883429093114784,0.877839409406883,0.872570129302225,0.866767271075998,0.861325028391412,0.855312198258493,0.849701595002898,0.843483123391964,0.83770974063035,0.831291143979688,0.825361578006218,0.818749617742405,0.812671516273866,0.805874258943224,0.799656357790623,0.792683236782785,0.786335397543223,0.779197276920084,0.772730526316818,0.765439767334305,0.758866338919087,0.751436869902426,0.744770248919603,0.73721763922386,0.730472611518997,0.722814150374285,0.716006856309932,0.708261637413327,0.70140963182937,0.693598644601781,0.686720963926099,0.678867192400374,0.671984430075515,0.664112960420351,0.65724735186191,0.649385489572753,0.642561007913216,0.634738405714582,0.62798086961071,0.620229667112286,0.613566861902726,0.605921838032359,0.599383651523091,0.591882390721442,0.58550096484798,0.578184037950361,0.571993937515339,0.564905098164212,0.558943497775231,0.552129895100309,0.546436785333879,0.539949193504102,0.534567607195449,0.528460672286785,0.523436931690678,0.517769436124476,0.51315342150765,0.507988566095037,0.50383400610513,0.499239709482893,0.495604493391183,0.491653708353264,0.488600219988339,0.485371265904371,0.482966738781097,0.480543648949654,0.478860541752556,0.47733342416282,0.476449815366202,0.475915224938893
0.72,0.997572792080444,0.995098353050467,0.992508657477854,0.989915389915103,0.98715542169134,0.984439958540523,0.981502113118414,0.978661388908946,0.975538294474325,0.972569578881843,0.969254151062574,0.966155082332028,0.962640581241057,0.959409199273965,0.955689288792441,0.952324067707895,0.948392876916115,0.944892756906374,0.940744943575244,0.937109361892561,0.932740177956454,0.928969098888359,0.924374457831965,0.920468401547754,0.915644947654753,0.911605017836579,0.906550197266814,0.902378107474585,0.897090241158882,0.892788339919198,0.887266698286906,0.882837992942432,0.877082872526115,0.87253105193303,0.866543853927224,0.861873310144438,0.85565662103074,0.850872470205203,0.84443014459382,0.83953824731112,0.832875493188884,0.82788247462689,0.821005941243154,0.815919211538306,0.808837080202361,0.803664855512565,0.796386933618678,0.791138258442973,0.783676077080854,0.778360848473237,0.770727764022,0.765356758414047,0.757568058555416,0.752152961978662,0.744225976599279,0.738779419172521,0.730733636654656,0.725269232272297,0.71712642169572,0.711658813919572,0.703443153713694,0.697988068931057,0.689726282524234,0.684300591487976,0.676022090498822,0.670643879409255,0.662380914911514,0.657069567233348,0.648857389599874,0.643633679829042,0.635510707620408,0.630396908223276,0.622404906531043,0.617424909270986,0.609609177853354,0.604788630695203,0.597198202152423,0.5925646628923,0.585252511019629,0.580835618724736,0.573858877050802,0.569690542309346,0.563110732676642,0.559225347551005,0.553108618422196,0.54954328686751,0.543960660845687,0.540755450200267,0.535783080033095,0.53298129400589,0.528700726102737,0.526349199475706,0.522847643703747,0.520997058733612,0.518367662974312,0.517072887218741,0.515415014861258,0.514735459869675,0.514154968094219
0.76,0.997732839224549,0.995399115895692,0.993012166911875,0.990545797581362,0.98803433087076,0.985429724095864,0.982789203503053,0.980040957731576,0.977267076099268,0.974370020245925,0.971458736170885,0.96840797181972,0.965355547428758,0.96214649258483,0.95894953223192,0.955577966547114,0.952233456337105,0.948695567739087,0.945200915790829,0.941493348450964,0.937846425823108,0.933966329408891,0.930165511625233,0.926110591795377,0.922154800923641,0.917923371039669,0.913812118297978,0.909403152344903,0.90513658123405,0.900549767964501,0.896128697951363,0.891364496292348,0.88679046710039,0.881850162889539,0.877125479486158,0.872011243634696,0.867139022042003,0.861853970254548,0.856838184349768,0.851386438566105,0.846231968079825,0.840618719840625,0.835331399805223,0.829562975781883,0.824149647728088,0.818233577695926,0.812702142942214,0.806647230515561,0.801006705942153,0.794823102428822,0.789083679174917,0.782782960945341,0.776956066513991,0.770551316316231,0.76464968061517,0.758155573300104,0.752193299187988,0.745626192338432,0.739618831283264,0.732996861265502,0.72696149475465,0.720304678729865,0.714260006097724,0.707590350543057,0.701556783902185,0.694898400195453,0.688898167168535,0.682277394785944,0.676334649738217,0.669780187599517,0.663921132063008,0.657464178532354,0.651717191493356,0.645391593505567,0.639787372193959,0.63362978392378,0.628201495696079,0.622251547121517,0.617034992967767,0.611335468596614,0.606369258723518,0.60096628665399,0.596292028502117,0.591235279873448,0.58689777881426,0.582240677570568,0.578288150398801,0.574088093139224,0.570572394327491,0.566890979847411,0.563867840362608,0.560771108304794,0.5583003866001,0.555859064431312,0.554005009023708,0.552294766332309,0.551126289154281,0.550227998028948,0.549818957505489
0.8,0.997872690814934,0.995665537488196,0.993452171268708,0.991104285630998,0.988802493392218,0.986306731543427,0.983914346536935,0.981263669682478,0.978778750198296,0.975966269750458,0.973387122025237,0.970406147596881,0.967731348719181,0.964575439023766,0.961803859731282,0.958466876401067,0.955597703671157,0.952073868004631,0.949106627348746,0.945390579998707,0.942325157383527,0.938412020999075,0.935248684332385,0.931134129171265,0.92787354930906,0.923553861841462,0.920197133094498,0.915669287625479,0.912217947768553,0.907479681113718,0.903935730929405,0.898985620187229,0.895351542607562,0.890189086081711,0.886467865026331,0.881093566362312,0.877288705409808,0.871704161022071,0.867819702092374,0.862027691970368,0.85806823423997,0.852072816234266,0.848043535552399,0.841850143254544,0.837756812376897,0.831372356718686,0.827221366725399,0.82065434143435,0.816452724750378,0.809713315807795,0.805468771295771,0.798568970551429,0.794289891199248,0.787243614301675,0.7829391180785,0.775762326881623,0.771442291386179,0.764153120990831,0.759828222563858,0.752447113145823,0.748128871163618,0.740678704727592,0.73637953183475,0.728885774015164,0.724619033091018,0.717109880095301,0.712889948779167,0.705396479535952,0.701238823160127,0.693795156693358,0.689716410488882,0.682359868488034,0.678377929935484,0.671149204431499,0.667283336626507,0.660226662611873,0.656497609501729,0.649660942250887,0.646091056573457,0.639526253325928,0.636139638044391,0.62990264360727,0.626725307582959,0.620876343291554,0.617936371871835,0.612540127217146,0.609867868335105,0.604993694424644,0.602621960711981,0.598344064576451,0.596308351880073,0.592705990473192,0.591044713039479,0.588202385602574,0.586957128051198,0.584964765329152,0.58418055138118,0.583133699983281,0.582859277736506
0.84,0.997985417046152,0.995922910719026,0.993806860950423,0.991643843334886,0.989421810031532,0.987154109574396,0.984821685574966,0.982445261674617,0.979998179426854,0.97750915195483,0.974943315181527,0.972337995441708,0.969649512409368,0.966924435514414,0.964109653891911,0.961261612537922,0.958317155834042,0.955343235457139,0.952266041028802,0.949163656331617,0.945951014958996,0.942717947800971,0.9393675448317,0.93600198348466,0.9325119415569,0.929012521336742,0.925381444700108,0.921747289996512,0.917974310460737,0.914205078199707,0.910289902753432,0.906385827342063,0.902328787498235,0.898290727317381,0.89409283025733,0.889922315785713,0.88558529739093,0.88128458106351,0.876810960942336,0.872383068866319,0.86777620750195,0.863224993175415,0.858489151341602,0.853819351542115,0.848959752153401,0.844177045186857,0.839199937770839,0.834311004293786,0.829223732293325,0.824236318944768,0.819047390077889,0.813970376178644,0.80868953610263,0.803533003701185,0.798171313244546,0.792946620807595,0.787516537048697,0.78223639711146,0.776751858595012,0.771430419700597,0.765906936092374,0.760559869360092,0.755014615845528,0.74965920651465,0.744111123247694,0.738766367544971,0.733236264449183,0.727922972124826,0.722433639338387,0.71717454220551,0.711750866445111,0.706570733241192,0.701239820335866,0.69616557820092,0.690956882015316,0.686017744849632,0.680963202776327,0.676190806700199,0.671324981852021,0.666753527940442,0.662113758115852,0.65778016252216,0.653406715949299,0.649350767462988,0.645287005250725,0.641551530255821,0.637844075392884,0.634475110104312,0.631174022750484,0.62822099250684,0.625379951213296,0.622895856495529,0.620572344875139,0.618613953602348,0.616869451845693,0.615497497372074,0.614397677871844,0.613677061973737,0.613291988180042
0.88,0.998084907600263,0.99615186973099,0.99411992313079,0.992123869735113,0.989968505085624,0.987908088371324,0.985622768417635,0.983496802035059,0.981075053360862,0.978882527478942,0.9763179807598,0.974058077147337,0.971344510484829,0.969016617535754,0.966148002941685,0.96375173058762,0.960722283684596,0.958257478144473,0.955061711146425,0.952528469471194,0.949161247504955,0.946559931885755,0.943016532712528,0.940347784533132,0.936623961726639,0.933888715355568,0.929980764991823,0.927180261326433,0.923085092238374,0.920220892032346,0.915936099680948,0.913010096708096,0.908534040719987,0.905548474851026,0.900880360270914,0.897837830565838,0.892977792870165,0.88988127081705,0.884830464732953,0.881683307794207,0.876443999965048,0.873249965624296,0.867825631159391,0.86458889169602,0.858984314637619,0.855709472891382,0.849930850626102,0.846622957050794,0.840678008685345,0.83734258002808,0.831240658739916,0.827883698720671,0.821635908082865,0.818263930487225,0.811883244752966,0.808503299389121,0.802004687704531,0.798624389712871,0.792024944206819,0.788652507246672,0.781971574922671,0.778615848795061,0.771875167122662,0.768545680420063,0.76176951649113,0.758476524894308,0.75169181797268,0.748446358840321,0.741682866091441,0.738496820009699,0.731787265149267,0.728673425124998,0.722053649672533,0.719025798665173,0.712534915429105,0.709607912921291,0.70328846127675,0.700478339582239,0.694376442030965,0.691700513029657,0.685866032453282,0.683343005426616,0.677829702360191,0.675479813575399,0.67034550273745,0.668190657395797,0.663497362614825,0.661561289736567,0.657375396312175,0.655683817079496,0.652076220509779,0.650657030528156,0.647703280424464,0.646586746292939,0.644367184189593,0.643586154691388,0.642186044342511,0.64177617647968,0.641285825119482
0.92,0.998184805698094,0.996331971261506,0.994434271895037,0.99250150951038,0.990517461326836,0.988501368904589,0.986427195753898,0.984324459914303,0.982156477437871,0.979963896632338,0.977698538052851,0.975413047058679,0.97304689059548,0.970665586398207,0.968195384333158,0.965715553411829,0.963138262831186,0.960557409863498,0.957870225102646,0.955186103109452,0.952386489929341,0.94959713188133,0.946682863408164,0.943786615321796,0.940755809785003,0.937751365339923,0.934602525647669,0.93148896236391,0.928221017560389,0.924997834580676,0.921610183235151,0.918277340765524,0.914769896349492,0.91132785682021,0.90770109513615,0.904150866154415,0.900405874887175,0.896749054063468,0.892887584533483,0.889126406274185,0.88515092748011,0.881288311850464,0.877202066897494,0.873241670670605,0.869048735689393,0.864995005708852,0.860700351378475,0.856558580373918,0.85216813617046,0.847944521176893,0.843465242476755,0.8391669460194,0.834606884193072,0.83024209840964,0.825610474047147,0.821188487928417,0.816495767341684,0.812027037278852,0.807285012428426,0.802781236261473,0.798003108255159,0.793477303020143,0.788677769328741,0.784144352903066,0.779339698433229,0.774814575276282,0.770022767432154,0.765523418613751,0.760764206467206,0.756309784167796,0.751604801841399,0.747216228495503,0.742589102842463,0.73828917508012,0.733765637721202,0.729579135240881,0.725187138989254,0.721140938469545,0.716910778140637,0.713033972266839,0.708998409831305,0.705322431476582,0.7015168254704,0.698075577029432,0.694538016085857,0.6913680039118,0.688139444225602,0.685279918068819,0.68240432454397,0.679897421833553,0.677421912601717,0.675312807348568,0.673287801277761,0.67162485731142,0.670104224052584,0.668939152233616,0.667980364278391,0.667368383254719,0.667032669401238
0.96,0.998275730366051,0.996488679730666,0.994720393087916,0.992830124049005,0.991017154576332,0.989017696981639,0.987159503613902,0.985044896356866,0.983141072223891,0.980905396974723,0.978955678733099,0.976593096676027,0.974597373692947,0.972102165367731,0.970060488719989,0.967427097062475,0.965339688318776,0.962562764991547,0.960430024752731,0.957504479852858,0.955326996032484,0.952248051258858,0.950026607095959,0.946789852453847,0.944525434260577,0.94112688837561,0.938820693035081,0.935256867143074,0.932910309386889,0.929178275059376,0.926792994570325,0.922890455228668,0.920468323631677,0.916393689894768,0.91393681771857,0.909689286620593,0.907200030333648,0.902779668438817,0.900260637685691,0.895668468116436,0.893122533305133,0.888360626688504,0.885790927105006,0.880862496429193,0.878272449082576,0.873181948441083,0.870575257870964,0.865328485056092,0.862709154363538,0.857313357253183,0.854685700646508,0.849149687308733,0.846518344486526,0.840852596904734,0.838222549629747,0.832439340927385,0.829815932176332,0.823929447193701,0.821318403299258,0.815344862346037,0.81275231857802,0.806710104153354,0.804142634215943,0.798052420453198,0.795517070403672,0.78940195495918,0.786906282080699,0.780791920144715,0.778344037330691,0.772258777394487,0.769867403624749,0.763842424589991,0.761516942098786,0.755586391264211,0.753336910016743,0.747538041422661,0.745375471529946,0.739748784083274,0.737684916794177,0.732274291535813,0.730321889449959,0.725174725262448,0.723347622407873,0.718514969394871,0.716828181809551,0.712364871509988,0.710834718956556,0.706799490486048,0.705443729913849,0.701899351054555,0.700737322402704,0.697750704591123,0.696803489500299,0.694445795591406,0.69373638956093,0.69208313317758,0.691636631667985,0.690767766877871,0.690611565818085
1,0.998345237292825,0.996652731862953,0.99493913684078,0.993174126893722,0.991399246387681,0.989558173930443,0.987719617144695,0.985798969102634,0.983894423904849,0.981890754066379,0.979918004307563,0.97782795697112,0.975784900855814,0.973605236229634,0.971489905758555,0.969217527163448,0.967028108672242,0.964660091597388,0.962394947417208,0.959928570478956,0.957586261747182,0.955019039600949,0.952598350253537,0.949928068509192,0.94742803048991,0.944652782681467,0.942072702407597,0.939190929068606,0.936530415197675,0.933540945094417,0.930799937642071,0.927702031217458,0.924880832082712,0.921674227164641,0.918773532125464,0.915458491954234,0.912479424203612,0.909056787833824,0.906000933134134,0.902472168267177,0.89934161180877,0.895708870112471,0.892506235170758,0.888772410142945,0.88550089863689,0.881669686069393,0.878333121133032,0.87440908223189,0.871011952919222,0.867000580135446,0.863548088387582,0.859455874010647,0.855953984022369,0.85178849158545,0.848243981716114,0.844013920257869,0.840434437638708,0.836149738860938,0.832543856857136,0.828215755210752,0.824593033901918,0.820234149625186,0.816605199471891,0.812229624594734,0.808606173461374,0.804229560777381,0.800624524482589,0.796264179476292,0.792691736041236,0.788366711741854,0.784842379503843,0.780573574218151,0.777114293971847,0.772924551827834,0.769548773148883,0.765462987358464,0.762190759254344,0.75823597797756,0.755089043997862,0.751294578662704,0.748296476585743,0.744694012487099,0.741870178681797,0.738493887650135,0.735871766191431,0.732758421086951,0.730367577679773,0.727556668431048,0.725428909172186,0.72296276004029,0.72113225501969,0.719056142729726,0.717559554442975,0.715921826785542,0.71479844329819,0.713650637764116,0.712942510536406,0.712339472510012,0.712091558758291
1.04,0.998404066907219,0.996806565711614,0.995124288892944,0.993496708269309,0.991722698890446,0.990065008691362,0.988193852278896,0.986506131276164,0.984532415955343,0.982814857104958,0.980733204647165,0.978986120079057,0.976791219869232,0.97501504557269,0.972701691603813,0.970896991783922,0.968460122781949,0.96662759386772,0.964062336645995,0.9622028109374,0.959504527074488,0.957618976023254,0.954783311952349,0.952872849080248,0.949895789671727,0.947961673140257,0.944839598851546,0.942883233708382,0.939612981366981,0.937635921507404,0.934214848783696,0.932218798679447,0.928644852295639,0.92663166855926,0.922903456269486,0.92087514913925,0.916992015503373,0.914950750352349,0.910912856312282,0.908860955304885,0.904669361557249,0.902609305597778,0.898266059740292,0.896200490880402,0.891708718291523,0.889640442787228,0.885004441179121,0.882936433412699,0.878161770976528,0.876097178484498,0.871190795524193,0.869132945399251,0.864103259325302,0.862055666287519,0.856912679815779,0.854879056276457,0.849634468648474,0.847618737118476,0.842286058129366,0.840292366352462,0.834887032939708,0.83291977216017,0.82745926727209,0.825523094074257,0.820027067500037,0.818126929685645,0.812617320489925,0.810758487486333,0.805259647650347,0.803447745969235,0.797986564797482,0.796227619088784,0.790833647895346,0.789134128164965,0.783839704706894,0.782206580288769,0.777046952365804,0.775487753258978,0.77050120084931,0.76902408704854,0.764252042299855,0.762865881763737,0.758353046107674,0.757067502021142,0.752861959627986,0.751687587626086,0.747840914365675,0.746789270392717,0.743356637417614,0.742440396899996,0.739480667918855,0.738713756931043,0.736289578194471,0.735687317295843,0.733865199275011,0.733444460690634,0.732294850391361,0.732074229202434,0.73167157202574
1.08,0.998468515853742,0.996920582079461,0.995327114417075,0.993735831644392,0.992076984047486,0.990440812941928,0.988713200140351,0.987030663519987,0.985230930482067,0.983500624860035,0.981625467606565,0.979846075407212,0.977892263615125,0.976062566081736,0.974026967542643,0.972145858356601,0.97002546535441,0.968091964987812,0.96588392265851,0.963897193484941,0.961598830220342,0.959558192411601,0.957167052367348,0.955072000607532,0.952585878373911,0.95043609942633,0.947853076918537,0.945648468085546,0.942966953707825,0.940707642228745,0.937926412364323,0.935612775802292,0.932731018678234,0.930363706352916,0.927381068325873,0.924961023855637,0.921877658160891,0.919406143185148,0.916222761187371,0.913701380347341,0.910419305327005,0.907850032591149,0.904471256095484,0.901856462524177,0.898383703305946,0.895726186358609,0.892162951919689,0.88946596641649,0.88581661716619,0.883083908025503,0.879353724055758,0.876589560937707,0.872784811408587,0.869994025404184,0.866122040523542,0.863310063037971,0.859379308608459,0.85655221259596,0.852572367090939,0.849736910807292,0.845718944924419,0.842882618371193,0.838838876998494,0.836009951240849,0.831954237754949,0.829141817301778,0.82508948010159,0.822303558543005,0.818271579704562,0.815523098807138,0.811530184726434,0.808831097191028,0.804897771061709,0.802261107152095,0.79840980310369,0.795849741356533,0.792104900056758,0.789636842284576,0.786025007786172,0.78366565858493,0.780215576173695,0.777983027145447,0.774725741921859,0.772639560820512,0.769608516722838,0.767689841727739,0.76492098068013,0.763192619997867,0.760724480843123,0.759211017832859,0.757084834686694,0.755812738698844,0.754072538341199,0.753070281453499,0.751762979353449,0.751061159182953,0.750236653737637,0.749868122502312,0.749579387058073
1.12,0.998531334782652,0.997012875557318,0.995524807698068,0.993929418608288,0.992422295826818,0.990745111281812,0.989219374715837,0.987455505588819,0.985911692299851,0.984056252076555,0.982494997167537,0.980543130766184,0.978965169084026,0.976912084456664,0.975318251856575,0.973159254478392,0.971550488631625,0.969281018980795,0.967658359713042,0.965274033838753,0.963638622993015,0.961135276263658,0.959488357089008,0.956862091205856,0.955205007282195,0.952452240636351,0.950786434355023,0.947903955796844,0.946230966427921,0.94321599250847,0.941537453897642,0.938387689631005,0.936705327582329,0.933419030765679,0.931734660181046,0.928310709296205,0.926626231158183,0.923064196863983,0.921381595165791,0.917681815374766,0.916003154119435,0.912166812635195,0.91049423304555,0.906523441718554,0.904859159820388,0.900757044159744,0.899103348922462,0.894874137079692,0.893233389321745,0.888882504339234,0.88725713662971,0.882791291821713,0.881183809634494,0.876611106942095,0.875024091344892,0.870354122478193,0.868790234665475,0.86403418481654,0.862496172822692,0.857666926701398,0.85615763465834,0.851269884570302,0.849792264902093,0.844862620553362,0.843419749528823,0.838466849206066,0.837061946299103,0.832106569036718,0.830743020572587,0.825808198879659,0.824489586473751,0.819600719154215,0.818330853477885,0.813515818036888,0.812298778472206,0.807588042560672,0.806428223332611,0.801854954640778,0.800757118041104,0.796357292010609,0.795326629352409,0.791139134035791,0.790181335001093,0.786248072357813,0.785369403422979,0.781735386302785,0.780942778947143,0.777656222975395,0.776957372397981,0.774069781944174,0.773473257031299,0.771039504412175,0.770554869714975,0.768633266758199,0.768271217254307,0.76692357832871,0.766696087755941,0.765987783360801,0.765908266923334
1.16,0.998576460689074,0.99711915118022,0.995666837177218,0.994152299619094,0.992670437905776,0.991095368282373,0.989583242186961,0.987944338735005,0.986401294872645,0.984695276764705,0.983120732282102,0.981344360112718,0.979737810245111,0.977887908394852,0.976248934345649,0.974322415296668,0.972650692452615,0.970644583127567,0.968939889625322,0.966851359819363,0.96511358548279,0.962939978455896,0.961169134127352,0.958907999421164,0.957104226714486,0.954753355254479,0.952916936762377,0.950474398302181,0.948605768296281,0.946069951256492,0.944169706924334,0.941539360673142,0.939608273943137,0.936882553560413,0.934921583572989,0.932100097133243,0.930110403424222,0.9271932618269,0.925176218297535,0.922164087665508,0.920121297422569,0.917015454081304,0.914948765240082,0.911751153280896,0.909662675834015,0.90637596725488,0.904268091120326,0.900895748526992,0.898771162899725,0.895317504738335,0.893179218881262,0.889649487161197,0.887500852783059,0.883901283235394,0.88174601861521,0.878083913217967,0.875926129248064,0.872209931034252,0.870054159366503,0.866293529414965,0.864144752907594,0.8603506493997,0.858214335074861,0.8543990942824,0.852281229017575,0.848458648068591,0.846365777257716,0.842551198507773,0.840490467940687,0.836700864757132,0.834680065978555,0.83093412972486,0.828961749146465,0.825279977132935,0.823365249184213,0.819770033330236,0.817922997945743,0.814438713877727,0.812670278629871,0.809323374918137,0.807645382116024,0.804464469333651,0.802889768419563,0.799905707686677,0.798448233272722,0.795694223931547,0.79436907982983,0.79188074587928,0.790704295489826,0.788519770394124,0.787509733825937,0.785669743300185,0.78484530161232,0.783393243979898,0.782775150941743,0.781757174654442,0.781367876437716,0.780832954350603,0.780696717580368
1.2,0.998610628709138,0.997228046420549,0.995774390220869,0.994380660706804,0.9928583892092,0.991454201022517,0.989858943820143,0.988445069538732,0.986772438130181,0.985349734624521,0.983595346735267,0.982164754941912,0.980324261351137,0.978886805528456,0.97695591950566,0.975512705952278,0.973487235404555,0.972039450625909,0.969915333052463,0.968464241366667,0.966237581711998,0.964784522292863,0.962451633783956,0.960998017146609,0.95855546519247,0.957102769135582,0.954547418359374,0.953097183387597,0.950426247852598,0.948980072113441,0.946191168793776,0.944750702574905,0.941841908110682,0.940408847956444,0.937378758720331,0.935954841240346,0.932802636728815,0.931389632186599,0.928115141733923,0.926714847519877,0.923318620316552,0.921932854427126,0.918416232806559,0.917046827470134,0.913412023408236,0.912060819018091,0.908310993769805,0.90697983330556,0.903119180080313,0.901809904221345,0.897843733775936,0.896558176933483,0.892493005936044,0.891232993454929,0.887076635447277,0.885843982253431,0.881605641011494,0.88040215200755,0.876092517070553,0.874919989608795,0.870551333717659,0.86941156250732,0.864997840661351,0.863892625495672,0.859449575304172,0.858380732021601,0.853925974993663,0.852895350117058,0.848448493498752,0.847457983026232,0.843040721759697,0.842092294610902,0.837728512954955,0.836824239606672,0.832540111923511,0.83168219879889,0.827506288976761,0.82669711918254,0.822660478130137,0.821902659166289,0.818038919781607,0.817335338877575,0.813680807862378,0.813034695623454,0.809628441485005,0.809043444561401,0.805927381116162,0.805407644635841,0.80262660930623,0.802176869840611,0.799778696016208,0.799404385875467,0.797439968595229,0.797147332277075,0.795670686479887,0.795466910122558,0.794535220710987,0.794428575427876,0.794102238395143
1.24,0.998652223779773,0.997304026775331,0.995905302465237,0.99454002820855,0.993087093225934,0.991704703455943,0.990194274880758,0.988794792090995,0.987223583718333,0.985807094441731,0.984171835645028,0.982738493699193,0.981035950186101,0.979585979877114,0.977812976418473,0.976346675704209,0.974500120914498,0.97301786453178,0.971094777776888,0.96959702034073,0.967594560845701,0.966081839933305,0.963997338159019,0.962470277396226,0.960301268749579,0.95876058092311,0.956504841860224,0.954951332085314,0.952606918661579,0.951041487641518,0.948606776555798,0.947030423977534,0.944504156150627,0.942917984268851,0.940299310988281,0.93870452845947,0.93599306011382,0.934390986151454,0.931586843567761,0.929978912500391,0.927082780887551,0.925470547212652,0.922483732702292,0.920868876740767,0.917793365504693,0.916177699773593,0.913016219683593,0.911401696118045,0.908157780899624,0.906546499069063,0.90322455488551,0.901618771364156,0.898224145751313,0.896626284818279,0.893165337873396,0.891578003733985,0.888058181444249,0.886484172180686,0.882914081758364,0.881356405235558,0.877745892307308,0.876207784277059,0.872568011754879,0.871052956420314,0.867396484860924,0.865908238181745,0.862249107420044,0.860791723458404,0.857145535279162,0.855723395905599,0.85210739749582,0.850725245794643,0.847158413697412,0.845821391431223,0.842324515700347,0.841038205213944,0.837633973447752,0.836404444412557,0.833117525325002,0.83195138674627,0.82880851291439,0.827712970844942,0.824743020254077,0.823725941680052,0.820960017672535,0.820030001058853,0.817501510278508,0.816667963284346,0.814412691198742,0.813685916096575,0.811742099672042,0.811133387027714,0.809541784129435,0.809063515325612,0.807867470417256,0.80753322962862,0.806778735353926,0.80660343160989,0.806339185853156
1.28,0.998697656836161,0.997356307787272,0.996048283514338,0.99464971646295,0.993336844757722,0.991877195295449,0.990560385364305,0.989035757761742,0.987715993532775,0.986122481123116,0.984800819904561,0.983134527688412,0.98181209826874,0.98006916783903,0.978747168007781,0.976923804890787,0.975603498363542,0.97369600186848,0.972378714604442,0.970383510269655,0.969070626176197,0.966984300894716,0.965677256919913,0.963496596821008,0.962196877442749,0.95991890859899,0.958628039727744,0.956250071748968,0.954969614070692,0.952489286637168,0.951220828433272,0.948636160810087,0.947381310302823,0.944690753866216,0.943451131150349,0.940653624944161,0.939430853579376,0.936525882906131,0.935321581259319,0.932309239295498,0.931125011737881,0.928006064146809,0.926843492227817,0.923619444726132,0.922480078464047,0.919153247279063,0.918038596727679,0.914612181862947,0.913523709133883,0.910001870339078,0.908940982280887,0.90532891759965,0.904296959357485,0.900600986103218,0.899599235806513,0.895826873791288,0.894856538641666,0.891016595457511,0.890078809514905,0.886181467639819,0.885277291631509,0.881334197104717,0.88046462060965,0.87648897299204,0.875654919381307,0.871661562687733,0.870863897231379,0.866869411491818,0.866108953072217,0.862131746148864,0.861409283051579,0.857469682308943,0.856785992593325,0.85290633598874,0.852262212972308,0.848466939105085,0.847863222528052,0.844178959157312,0.843616572626263,0.840072223140524,0.839552218483306,0.836179045779765,0.835702654976895,0.832534362185393,0.832103057576873,0.829175865043419,0.828791428543594,0.826144146471573,0.825808748558666,0.823482844693226,0.823199133974415,0.821238795707677,0.821009999895102,0.819462190167655,0.819292229335665,0.818206735714118,0.818100348743457,0.817529825065668,0.81749271021637
1.32,0.998728598757071,0.997424076262085,0.996145673548185,0.99479185416739,0.993507007992515,0.992100600494932,0.990809932321953,0.989347621776838,0.98805181670007,0.986530282062387,0.985230088633106,0.98364602223601,0.982342251919755,0.980692380960189,0.979385907213811,0.977667017315109,0.97635877427522,0.974567735207786,0.973258715986529,0.971392509624175,0.970083764213165,0.968139514798481,0.966832147587356,0.964807154374547,0.963502321296856,0.96139409363476,0.960092998960956,0.957899293872407,0.956603186677526,0.954322048983811,0.95303221932606,0.950662024356939,0.949379799212849,0.946919298133381,0.94564603714553,0.943094404920786,0.941831496025307,0.939188382032899,0.937937237046116,0.935202818334343,0.933964868590934,0.931139905767197,0.929916597916286,0.927002493636256,0.925795285716795,0.922794145729627,0.921604503662327,0.918519200351027,0.917348595001002,0.914182833339829,0.913032738321929,0.909791124154575,0.908663014572184,0.905351125095329,0.904246477423148,0.900870933740019,0.899791227081999,0.896359768669723,0.895306487644891,0.891828048557897,0.890802688089269,0.887287474698766,0.886291547003868,0.882751117050724,0.881786161156353,0.878233503871582,0.877301098000433,0.873750715024166,0.872852492226608,0.869320479033089,0.868458146463852,0.864962273976813,0.864137636243503,0.860697432303555,0.859912419341719,0.856549249665416,0.855805949623388,0.852543097872643,0.851843795518508,0.848706542079536,0.848053763272319,0.84506946232551,0.844466025123071,0.841664179569786,0.841113252576962,0.838525586376511,0.838030754968755,0.835691282429484,0.835256623519761,0.833201715082714,0.832831881132706,0.831100325185541,0.830800638196482,0.829433698459865,0.829210254713663,0.828251722753085,0.828111509111046,0.827607751544816,0.827558774149421
1.36,0.998747207493499,0.997504363996514,0.996204261321123,0.994960221016069,0.993609432519958,0.992365155940933,0.990960267033202,0.989716782013583,0.988254356096966,0.987012755920039,0.985489353264119,0.984250794253528,0.982662992899841,0.981428691428191,0.979773110216407,0.978544339114144,0.97681766291568,0.975595747266782,0.973794754508566,0.972581066824705,0.970702659381516,0.969498614152195,0.967539849680802,0.966346897303637,0.964305024085974,0.963124644188704,0.960997138544394,0.959830832718576,0.957615439039301,0.956464723014818,0.954159496464199,0.953025891763895,0.950629243676742,0.949514268801623,0.947025014805571,0.945930176013115,0.943347586883719,0.942274368635034,0.93959822388243,0.938548079048182,0.935778723219289,0.934753063149639,0.93189146481467,0.930891649394841,0.927939462770571,0.92696679060116,0.923926419745951,0.922982118605729,0.919856784102798,0.918942001871489,0.915735809897294,0.914851606136673,0.911569619790709,0.910716958204362,0.907365270955056,0.906545012970224,0.903130824049141,0.902343723788267,0.898875415341535,0.898122116276383,0.894609332058246,0.893890365665782,0.890344091034585,0.889659877801121,0.88609252075299,0.885443373901425,0.881868846851616,0.881254979195871,0.877688781192379,0.87711031555331,0.873569614582101,0.873026598230237,0.8695303132467,0.869022736869056,0.865591619166147,0.865119440887068,0.861776154387585,0.861339329407044,0.858108529445835,0.857707045892822,0.85461545603491,0.854249377668481,0.851325864091534,0.850995380517722,0.848271023472589,0.847976508581708,0.845484670433318,0.845226749799294,0.843003139142803,0.842782767163949,0.84086549850826,0.84068404610761,0.839113694620999,0.838973048363857,0.837792699185304,0.837695372712272,0.836950664348001,0.836899923063571,0.836639084412338
1.4,0.998773150766098,0.997558172646427,0.996285918105167,0.995073084243245,0.993752106242853,0.992542561707094,0.991169500536054,0.989964457764149,0.988535928687378,0.987336664650443,0.985849276368093,0.984657129081686,0.983107504201785,0.981923868558638,0.980308666172524,0.979134989075716,0.977450929522299,0.976288704302158,0.974532596203345,0.973383356306648,0.971552125951814,0.970417437897919,0.968508161050024,0.967389616655404,0.965399552845188,0.964298760725566,0.962225390093181,0.961143966461052,0.958985029196478,0.957924587981372,0.955678126405926,0.954640268735246,0.952304672056479,0.951290975146308,0.948865026907476,0.947877032425298,0.945359960658429,0.944399162633373,0.94179069271168,0.940858525082657,0.93815893525366,0.937256759161648,0.934466938726879,0.93359602967466,0.930717539765184,0.929879074786068,0.926914211665335,0.926109256661809,0.923061117468544,0.922290614902366,0.919163165726315,0.918427922863406,0.915226069025898,0.914526746962368,0.911256405351814,0.910593509071634,0.907261682361389,0.906635552101632,0.903250404654162,0.902661208880246,0.8992321441174,0.898679874438459,0.895217613432967,0.894702081816302,0.891218742834539,0.890739581507987,0.887248760208811,0.886805424670843,0.883322274640063,0.882914050229409,0.879455363504422,0.879081376014014,0.8756656632287,0.875324894082655,0.87197246383894,0.871663770386166,0.868396807436187,0.868118948949917,0.864961590751765,0.864713260760953,0.861691671951992,0.861471537567891,0.85861398188312,0.858420730822611,0.855757639971943,0.855590036018252,0.853154075026537,0.853011022707813,0.850837151215535,0.850717770522498,0.848843299544043,0.848747011549536,0.847211655190455,0.847138279476306,0.845984201122009,0.845934065962316,0.845205918468894,0.845179984763747,0.844924944208234
1.44,0.998807237537643,0.997584991673311,0.9963931890225,0.995129374416028,0.993939472252056,0.992631140509558,0.991444140250519,0.990088314666872,0.988905276554988,0.987498967690412,0.986321008345543,0.984861231354031,0.983689520778157,0.982173314568851,0.981009072583488,0.979433520893927,0.978278012996276,0.976640267453654,0.975494800081656,0.973792105324799,0.972658020526352,0.970887741456987,0.969766410964304,0.967926062191296,0.966818880907903,0.9649061584425,0.963814537357582,0.961827352611248,0.960752711164129,0.958689227293231,0.957632985219686,0.955491655853127,0.954455224554981,0.952234834931824,0.951219608421996,0.948919318956113,0.947926664442905,0.945546056720766,0.944577304907796,0.942116430113665,0.941172865305463,0.938632295055412,0.937715145173335,0.935096024725741,0.93420645135454,0.931510555150007,0.930649643752139,0.927879433220141,0.92704818367275,0.924206867225786,0.923406184854191,0.920497779972837,0.919728467274419,0.916757864568496,0.916020613841981,0.91299364295415,0.912289030071556,0.909212527270093,0.908541006851949,0.905422884139326,0.904784786418227,0.901634101961625,0.901029631644747,0.897856661313766,0.897285898781601,0.894102208557498,0.893565113763765,0.890383632763639,0.889880052230133,0.886715146068843,0.886244823398774,0.883112367591266,0.88267495795551,0.879592411042853,0.879187500125433,0.876173976189631,0.875801104111619,0.872877444327406,0.872536135102372,0.869724977959163,0.869414775068233,0.866740624882585,0.866461133593129,0.863950426921934,0.863701364010947,0.861382533568635,0.861163785149992,0.859067320829879,0.858879009023943,0.85703751562502,0.856880074849594,0.855328326116363,0.85520258981986,0.853977578414858,0.853884877115887,0.853025860163212,0.85296813170579,0.852516671570095,0.85249658455054
1.48,0.998829967418021,0.997625787917175,0.996464729730914,0.995214951010759,0.994064464209837,0.992765673159811,0.991627428610039,0.990276170148091,0.989151907735271,0.987744702374506,0.986636225252204,0.985169588701961,0.98407875660543,0.98254922150064,0.981477943093025,0.979882082942745,0.978832307164439,0.977166762606712,0.976140469004233,0.974401976449854,0.973401164467002,0.971586587209281,0.970613264430581,0.968719626291807,0.967775795636492,0.96580031721439,0.964887963088389,0.962828100657444,0.961949174081129,0.959802661194163,0.958959063934992,0.956723955759768,0.955917523511473,0.953592243925383,0.952824728589093,0.95040812004205,0.949681171179651,0.947172547321226,0.946487692867516,0.943886893919065,0.943245520256729,0.940552971092708,0.939956302613046,0.937173073498011,0.936622151790517,0.933750021699365,0.933245684534869,0.930287206963765,0.929830067258848,0.926788638413038,0.926379063387825,0.923258992610173,0.922897083377451,0.919703665658169,0.919389237508992,0.9161288278927,0.915861391572338,0.912541481253393,0.912320225551512,0.908949519422643,0.908773295433074,0.905361790825825,0.905229098264083,0.901788164592643,0.901697140593504,0.898239599586307,0.898188010439199,0.894728216615487,0.894713452932165,0.89126737395371,0.891286449800608,0.887871746302339,0.887921302869101,0.884557407346727,0.884633721762619,0.881341916070866,0.881440916022088,0.878244407014267,0.878361691857467,0.875285684676206,0.875416553786799,0.872488322297319,0.872627811435404,0.869876765277375,0.870019691799131,0.867477439521303,0.867618457309684,0.865318865043954,0.865452530079293,0.863431775208227,0.863552622746939,0.861849242021845,0.861951876399911,0.860606807976137,0.860686006103368,0.859742624976526,0.859793454637927,0.859297600990122,0.859315555122062
1.52,0.998838654223038,0.9976869782036,0.996492090261127,0.995343263058437,0.994112334910354,0.992967272947737,0.991697775776395,0.990557448028075,0.989246834902409,0.988112260745815,0.986757980768332,0.985630227350164,0.984229741358891,0.983109920458152,0.981660718354125,0.980549982728499,0.979049602497395,0.977949141703066,0.976395190196949,0.975306225876268,0.973696401418309,0.972620182054583,0.97095229892581,0.969890094070019,0.968162108932744,0.967115202913198,0.965325243220675,0.964294928353527,0.962441322789584,0.961428892115769,0.959510203101654,0.958516942684264,0.95653200098265,0.955559181807986,0.953507123246067,0.952555992781721,0.950436297106509,0.949508070580775,0.947320602450101,0.946416453928906,0.944161506031263,0.943282559381604,0.940960897666778,0.940108217509437,0.937721128499951,0.936895711268999,0.93444505140968,0.933647816652064,0.931136063641651,0.930367845706934,0.927798151741524,0.927059692029711,0.924435938873113,0.923727878827385,0.921054734608158,0.920377609659323,0.91766058727846,0.917014821969023,0.914260338986074,0.913646243523964,0.910861683372879,0.910279451888203,0.907473226257551,0.906922937060113,0.904104549255647,0.903586167416514,0.900766276507572,0.900279659114624,0.897470144649658,0.897015049114862,0.894229076175819,0.893805172000929,0.891057256351392,0.890664140788871,0.887970213857185,0.887607431934461,0.884984905360739,0.884651974768405,0.882119804233742,0.881816245612013,0.879394993659766,0.87912036685255,0.876832264405606,0.876586211287825,0.87445521756284,0.874237512084378,0.872289372604541,0.872099978733335,0.870362281145816,0.870201419433386,0.868703646846932,0.868571870382047,0.867345451954809,0.867243732515291,0.866322091043662,0.866251916302641,0.865670512589428,0.865633995280952,0.865430369096483
1.56,0.998853434774697,0.997728134127283,0.99653861758679,0.995429580636446,0.994193647854404,0.993102935072456,0.991817063771547,0.990746811362158,0.989407438650456,0.988359851130856,0.986963392289069,0.985940733923256,0.984483603341378,0.983488188381636,0.981966822740629,0.981001004435913,0.979411888226388,0.978478046562263,0.976817740027502,0.975918268168852,0.974183437754023,0.973320727169253,0.971508178552151,0.970684602806162,0.968791316577268,0.968009213790148,0.966032383841142,0.965294037820305,0.963231112490431,0.962538732555957,0.960387458574661,0.959743158110861,0.957501627362991,0.956907401143809,0.954574100270257,0.95403180062206,0.951605663454059,0.95111697533674,0.948597438146077,0.948163853252171,0.945550912782327,0.945173702774163,0.942467976998836,0.942148166025537,0.939350957561173,0.939089294220702,0.936202656298534,0.935999585234911,0.933026390115686,0.932882023468057,0.92982603315908,0.929740122107434,0.926606061216912,0.926577967899034,0.923371598437012,0.923400268542602,0.920128466451121,0.920212402832,0.916883235999679,0.91702047366956,0.913643281157614,0.913831364091049,0.910416836269146,0.910652796446945,0.907213055708294,0.907493394895863,0.904042076591862,0.90436275137756,0.900915084583423,0.90127149524608,0.897844382940368,0.898231366758472,0.894843464971745,0.895255294631536,0.891927090092733,0.89235747789831,0.889111363682392,0.889553472318032,0.88641382097529,0.886860281618312,0.883853515245071,0.884296453876746,0.881451110569493,0.88188218338161,0.879228979502453,0.879639418348129,0.87721130601959,0.877591974908719,0.875424194150842,0.875765657843157,0.87389578276664,0.874188388568669,0.87265636704485,0.872890340971105,0.871738527214302,0.871904085727774,0.871177265248381,0.871264743850994,0.87101015027019
1.6,0.99887977077429,0.997738803173371,0.996621493455701,0.995451997713132,0.994338392055782,0.993138273503875,0.992029202499095,0.990796346465032,0.989692685118727,0.988424968248392,0.987327633954091,0.986022936824927,0.984932886923764,0.983589108008281,0.982507336923333,0.981122407963523,0.980049943899951,0.978621846751098,0.977559747957054,0.976086532957188,0.975035883544524,0.973515689463006,0.972477594791441,0.970908670406937,0.969884252040472,0.96826497939476,0.967255369644946,0.96558428901467,0.964590625091744,0.962866461715272,0.961889879515252,0.960111572106294,0.959153199669944,0.95731993074343,0.956380881431523,0.954492109460505,0.953573474899096,0.951628968314064,0.950731811173612,0.948731684207613,0.947857030890673,0.945801781265032,0.944950614589053,0.942841163025266,0.942014414999653,0.93985214653325,0.939050691343458,0.936837498405281,0.936062145731196,0.933800472950679,0.933051961762014,0.930744852435716,0.930023845423626,0.927674989580552,0.926982068402124,0.924595852385242,0.923931513916034,0.921513071387115,0.920877725196464,0.918432989458827,0.9178269567433,0.915362714264545,0.914786228496625,0.912310173500956,0.911763383072941,0.909284173060496,0.908767146227576,0.906294458266368,0.905807190718057,0.903351778342958,0.902894203758423,0.900467954301241,0.900039958271718,0.897655950437145,0.897257388167543,0.894929949661785,0.89456066789379,0.892305432906412,0.89196529653703,0.889799262872229,0.889488186774735,0.887429772426301,0.887147759015136,0.885216857980198,0.884964041097503,0.883182078228182,0.882958773967545,0.881348758667426,0.88115552379011,0.879742102374479,0.879579801015109,0.878389307570778,0.878259186973314,0.877319692576317,0.877223468647379,0.876564828825417,0.876504782340868,0.876158682703066,0.876137767055521
1.64,0.998897866518857,0.997760194706036,0.996678444482609,0.995496881963308,0.994437879519214,0.993208866575738,0.992175059724918,0.990894981638306,0.989888892993115,0.988554097933129,0.987578315103476,0.986185134170195,0.985242298599766,0.983787068116449,0.982879862504678,0.981358948658019,0.980490082922027,0.978899908841459,0.97807210457867,0.97640917994101,0.975625153360703,0.973886106599949,0.97314854990069,0.971330163095315,0.970641724274975,0.968740970776416,0.968104231872574,0.966118316728816,0.965535770499639,0.96346217371677,0.962936198786164,0.960772721458498,0.960305555964384,0.958050369290169,0.957644083091297,0.955295780276125,0.954952245790886,0.95250989682467,0.952230758594988,0.949693967870771,0.949480610965378,0.946849577689254,0.946703095083523,0.943978676404618,0.943899835498698,0.941083612266502,0.941072820729742,0.938167165763061,0.938224436920762,0.935232585648337,0.93535750365659,0.932283626963957,0.932475312049899,0.929324591140473,0.929581665218573,0.926360368269319,0.926680921279391,0.923396481642938,0.923778038992398,0.920439134668107,0.920878626199572,0.9174952602662,0.917988991211767,0.914572572884022,0.915116197309537,0.911679623250319,0.91226812053648,0.908825856026121,0.909453510978418,0.906021670512135,0.906682057738245,0.903278484593557,0.903964457834896,0.900608802122311,0.901312489275904,0.898026283959158,0.89873908857667,0.895545822923644,0.896258433026358,0.893183622928955,0.893886028030472,0.890957282611807,0.891638799894284,0.888885883805038,0.889535194449714,0.88699008524313,0.887595281971662,0.885292221939085,0.885840868878746,0.883816410725591,0.884295616768585,0.882588662514964,0.882985169399921,0.88163700190186,0.881937288303975,0.880991594810984,0.881181997786215,0.88068488498019,0.880751740168439
1.68,0.998900400306985,0.997807900411362,0.996686438166939,0.995596911119553,0.994451911245411,0.993366011866158,0.992195780313417,0.991114201379037,0.989917033954129,0.988840504933281,0.987614697159703,0.986543982642286,0.985287840710363,0.984223738522724,0.982935591378749,0.981878930378845,0.980557143003915,0.979508780553408,0.978151768480835,0.977112587594307,0.975718832712706,0.974689738887963,0.973257806574938,0.972239724312508,0.970768281941259,0.969762150965902,0.968249987824122,0.967256759026362,0.965702807683313,0.964723438804796,0.96312679795861,0.96216224905142,0.960522207884336,0.959573436581407,0.957889500645878,0.956957457287225,0.955229375940589,0.9543149986084,0.952542794008125,0.951647003532749,0.949831001198115,0.948954696206712,0.947095557146236,0.946239609236367,0.944338363633299,0.943503612765012,0.941561695205862,0.940748945417965,0.938768231641313,0.937978247210491,0.935961092345316,0.935194594520612,0.933143872775106,0.932401537235045,0.930320682988415,0.929603138183785,0.92749618842498,0.92680401498697,0.924675653035665,0.92400938444676,0.921864984883415,0.921225109627221,0.919070784350682,0.918457749776652,0.916300395099795,0.915714613259823,0.913561957946159,0.913003813682092,0.910864467819439,0.910334329403923,0.90821783400515,0.907716066662786,0.90563294387871,0.905159926540457,0.903121730366248,0.902677876037286,0.900697243391647,0.900283023541711,0.898373725597821,0.897989699013344,0.896166692662513,0.895813539231885,0.894093018565316,0.893771578502344,0.892171026203882,0.89188234525015,0.890420583803678,0.890165964988239,0.888863207618123,0.888644270192861,0.887522171474913,0.887340917686289,0.886422623790821,0.886281514193726,0.885591712751939,0.885493750819359,0.885058720440308,0.885007547273685,0.884855206782099
1.72,0.99890717092094,0.997841900102553,0.996707758014528,0.995668210691046,0.99448919441125,0.993478047090227,0.992250527930452,0.991270538898715,0.98999083755158,0.989044836395771,0.987709241953223,0.986800117598105,0.985404908804929,0.984535596009393,0.983077064851187,0.982250529107164,0.980725006828044,0.979944227613911,0.978348113254026,0.977616065601443,0.975945857138217,0.9752654914799,0.973517819649586,0.972892039925241,0.971063704793002,0.970495344801669,0.968583355138723,0.968075153138129,0.966076768653689,0.965631340220946,0.9635441166845,0.963163925867739,0.960985763143766,0.960673091951005,0.958402284953388,0.958159201243294,0.955794493800487,0.955622817659652,0.953163459264039,0.953064727977057,0.950510533372918,0.950485965114941,0.947837376659037,0.947887833065683,0.945145985772607,0.945271933569071,0.942438722730356,0.942640194630423,0.939718345871862,0.939994900988219,0.936988042604051,0.937338726643898,0.934251464019552,0.934674769573971,0.931512761480922,0.932006588752871,0.928776625270102,0.929338243624121,0.926048325410731,0.9266743361676,0.92333375478044,0.924020055721997,0.920639474641069,0.921381226734138,0.917972762727047,0.918764359620982,0.915341664046215,0.916176704945797,0.912755044563329,0.913626311127609,0.910222647954628,0.911122085922762,0.907755155642422,0.908673861939468,0.905364250342062,0.906292466471017,0.903062683380093,0.903989795961075,0.900864346072393,0.90177889544568,0.898784345484956,0.899674043351502,0.896839084938293,0.897690842069213,0.89504634965958,0.895846314764865,0.893425398035377,0.894159008941624,0.891997058972567,0.892649107319678,0.890783835936805,0.891338546664397,0.889810018307068,0.890251145262587,0.889101800762715,0.88941273982493,0.888687411506694,0.888851332680368,0.888597250226387
1.76,0.998927770186336,0.997843028384257,0.996772578319822,0.995670613938583,0.994602394352122,0.993481920847357,0.992416413237778,0.991276135223526,0.990213851434379,0.989052472106033,0.987993953716143,0.986810183111644,0.985756000637963,0.984548564779282,0.983499316689913,0.982266967646402,0.98122327918401,0.979964806098508,0.978927327916845,0.977641569034485,0.97661097565366,0.975296831392128,0.974273819481504,0.97293026658002,0.971915553081233,0.970541659863772,0.969535979970459,0.968130922756693,0.967135027771971,0.965698108467069,0.96471276356478,0.963243428456585,0.962269410377766,0.960767270166916,0.959805364888912,0.958270215974275,0.957321216396422,0.955753063434677,0.95481776713157,0.953216846886,0.952296053987049,0.950662860476538,0.949757371738811,0.94809268269377,0.947203297844132,0.94550820247155,0.944635718903763,0.942911646958896,0.94205685888175,0.940305611039138,0.939469309182848,0.937693088694416,0.93687606069448,0.935077506317507,0.934280537908011,0.932462758080856,0.93168663524287,0.929853243481468,0.929098755706779,0.927253907190339,0.926521852036274,0.924670281346258,0.923961470473933,0.922108530446491,0.921423797352397,0.919575499001073,0.918915708670667,0.917078762133503,0.916444822865353,0.914626679328752,0.914019556998954,0.912228451549863,0.911649186608937,0.909894181967442,0.909343909485801,0.907634940572213,0.907114913675729,0.905462832969973,0.904974450034174,0.903391073691069,0.902935909691315,0.90143406438345,0.90101390682905,0.899607477299778,0.899224367212762,0.89792834453572,0.897584622969874,0.896415153528822,0.896113514161951,0.895087949386078,0.894831497758476,0.893968444674135,0.893760764689137,0.893080137379792,0.892925365728438,0.892448437831104,0.892351347052595,0.892100805461786,0.892066896405042
1.8,0.998943250002184,0.997850532870338,0.996821292036172,0.995686376948305,0.994687476553672,0.993506756913306,0.992541116864509,0.99131092371431,0.990381541835316,0.989098161744789,0.988208101507752,0.986867796659005,0.986020173290861,0.984619203864317,0.983817168767284,0.982351817725376,0.981598541155181,0.980065141517226,0.979363793469976,0.977758758165596,0.977112487432471,0.975432341813985,0.974844253172385,0.973085670258529,0.97255879977909,0.970718638293159,0.970255926754157,0.968331272009171,0.967935536423413,0.965923744095087,0.965597647369427,0.96349639018461,0.963242408948871,0.961049726302625,0.960870116962933,0.958584467461511,0.958481230553002,0.956101547462677,0.956076390398199,0.953602139961145,0.95365643829606,0.951087680854298,0.951222438212781,0.94855989205959,0.948775698895037,0.946020806750216,0.946317798141445,0.943472796122412,0.943850608838429,0.94091859777345,0.941376326872532,0.938361345775385,0.938897501039252,0.935804602536524,0.936417065077333,0.933252392550339,0.933938371967199,0.930709238140402,0.931465230643024,0.928180197319913,0.929001945279895,0.925670903895796,0.926553357330785,0.923187609960162,0.924124890502824,0.92073723092658,0.921722598878736,0.918327393285068,0.91935321840758,0.915966485268424,0.917024222009302,0.913663710643601,0.914743878560281,0.911429145865688,0.912521316052423,0.909273800858944,0.910366589246625,0.907209683719643,0.908290752173061,0.905249869669641,0.906305935866036,0.903408574628001,0.904425431760675,0.901701233811164,0.902663781222796,0.900144585820742,0.901036871732684,0.898756762732372,0.899562040298613,0.897557386760214,0.898258184737617,0.896567674140016,0.897145883529889,0.895810546950309,0.896247525030196,0.895310753676961,0.895587446905679,0.895094999422112,0.895192086765487
1.84,0.998942383795146,0.997887802231859,0.99681858259972,0.995764518369122,0.994682801829127,0.993629503972021,0.992534391864824,0.99148213257701,0.99037272633883,0.989321801352091,0.988197208390834,0.987147937302274,0.986007277507747,0.984960004060409,0.983802416981057,0.982757509300399,0.981582162018886,0.980540012811588,0.979346108551378,0.978307135275058,0.977093922769805,0.976058567784624,0.97482535144169,0.973794082157459,0.972540233046276,0.971513542081658,0.970238509776843,0.969216915150496,0.967920240458732,0.966904285835868,0.965585614434458,0.964575869456251,0.963234966470077,0.962232027197726,0.960868792739949,0.959873282249957,0.958487767950367,0.9575003371228,0.956092763666083,0.955114092213248,0.953684867907804,0.952715665696918,0.95126540609308,0.950306414823197,0.948835963397886,0.947887958698561,0.946398408621633,0.945462202648609,0.943954919644314,0.94303136425597,0.941508010571223,0.940598001178598,0.939060560668166,0.938165040861176,0.936615845198411,0.935735812261422,0.934177568282016,0.93331407972328,0.931749897908623,0.930904079140258,0.929337503246529,0.928510556564841,0.926945594404022,0.926138809434026,0.924579964813695,0.92379473059679,0.922247036426993,0.921484855346997,0.91995390792482,0.919216411684965,0.917708406170806,0.916997374053055,0.915519141157214,0.91483652081536,0.913395564719606,0.912743495779279,0.911348033325751,0.91072887408775,0.90938787527713,0.908804232845583,0.907527462698239,0.90698222688216,0.90578028873017,0.905276670096169,0.904161050391124,0.903702622876557,0.902685737618227,0.902276486148215,0.901371729062834,0.901016102651502,0.900237895276152,0.899940866132546,0.899304709994278,0.899071839196908,0.898594370312413,0.898431880663732,0.898130926628128,0.898045783351792,0.897940423334076
1.88,0.998943408740176,0.997917834430925,0.996821820931946,0.995827489075018,0.994688502980944,0.993728428778254,0.99254284741385,0.9916201303517,0.990384275393027,0.989502087055826,0.988212243342955,0.987373813561907,0.986026250157113,0.985234851425813,0.98382584501716,0.983084775111679,0.981610635857478,0.980923198605158,0.979380298509389,0.978749782658436,0.977134586560743,0.976564242711724,0.974873341968008,0.974366357538701,0.972596506459559,0.972155978666335,0.970304133770588,0.969933040622606,0.967996402751904,0.96769757206908,0.965673631396938,0.965449707878853,0.963336291833543,0.963189702224325,0.960985026329668,0.96091794274345,0.958620664364792,0.958634965857675,0.956244240822111,0.956341473319712,0.95385701535997,0.954038350074657,0.951460493024957,0.95172668352381,0.949056446173498,0.949407784286918,0.946646937773759,0.947083208565536,0.944234346165281,0.944754782217821,0.941821391360133,0.942424626663473,0.93941116297649,0.940095186746699,0.937007149903682,0.937769260695276,0.934613271806885,0.935450032324903,0.93223391258994,0.933141105650438,0.929873955946502,0.930846542079254,0.927538823142842,0.928570900377053,0.925234513190534,0.926319279613298,0.922967645583996,0.92409736531197,0.92074550579677,0.921911479054065,0.918576093751677,0.919768631801194,0.916468175503958,0.917676581235209,0.914431338403422,0.915643893437167,0.912476050031879,0.913680009260659,0.910613721246137,0.9117953157897,0.908856773694933,0.910001223310723,0.907218712220917,0.908310248271915,0.905714202606712,0.906736102751945,0.904359155177623,0.905293791014499,0.903170814833586,0.903999713785605,0.902167858149926,0.902871780958302,0.901370498261415,0.901929533504504,0.900800598327682,0.901194275457794,0.900481794471306,0.900689216924416,0.90043962918391
1.92,0.998959412794732,0.997914140678999,0.99687217945685,0.995819773739345,0.994776440732572,0.993716385941289,0.992671698417675,0.991603482972007,0.990557474587296,0.989480594572979,0.988433316813335,0.987347280158539,0.986298803881849,0.985203134957279,0.984153552043254,0.983047796709599,0.981997221829935,0.980880952956438,0.979829525477722,0.978702348956072,0.977650234989718,0.976511796267847,0.975459190883107,0.974309182043851,0.97325631166187,0.972094479071829,0.971041604060865,0.969867756615115,0.968815174109378,0.967629192098063,0.966577239065213,0.965379083688377,0.964328140273545,0.963117863830957,0.962068357008249,0.960846113791356,0.959798521357172,0.958564579270794,0.957519434217034,0.956274187158909,0.955232082468126,0.953976063495065,0.952937657404092,0.951671552714196,0.950637574497551,0.949362238258858,0.948333494588494,0.94704996464548,0.946027346589168,0.944736861079817,0.943721351806671,0.942425366724399,0.941418049992858,0.940118257729475,0.939120327240435,0.937818676148598,0.936831445854446,0.935530160870792,0.934555076339882,0.933256680713291,0.932295331658932,0.931002669832249,0.930056803925716,0.92877306562385,0.927844603722277,0.926573349304996,0.925664402237384,0.924409589381486,0.923522476449572,0.922288488232523,0.921425757598005,0.920217432063788,0.919381883209497,0.918204544507452,0.917399252977647,0.916258744176681,0.915487088820898,0.914389806514852,0.913655499480773,0.912608430316106,0.911915550059954,0.910926309334578,0.910279336942797,0.909356209445052,0.908760068588713,0.907912051868533,0.907372152742253,0.906609003032756,0.906131290663283,0.905463571700782,0.905054579047006,0.904493714071182,0.904160620377623,0.903718947631728,0.90346964254184,0.903160474635888,0.903003628620315,0.902841316168755,0.902786457877389
1.96,0.998973478251015,0.997911664027932,0.996916438317937,0.995814606778606,0.994853728268858,0.9937083370476,0.992784946861412,0.991592388517062,0.990709705944386,0.989466325417563,0.988627634448592,0.987329748691599,0.986538382807004,0.985182302687171,0.984441627837787,0.983023682411109,0.982337078126005,0.98085364137306,0.980224479942276,0.978672000052431,0.97810362373915,0.976478655022059,0.975974351268783,0.974273588764003,0.973836563368395,0.972056880214573,0.971690228463211,0.969828716077669,0.969535391839961,0.967589402947602,0.967372185747729,0.965339380284916,0.9652008403869,0.963079234291335,0.963021695851242,0.960809712732866,0.96083521509285,0.958531740763301,0.958641997984698,0.956246437804013,0.956442796561068,0.95395513553999,0.954238531522097,0.951659397096608,0.952030310095206,0.949361037466786,0.94981944535334,0.947062145263944,0.947607477097708,0.944765105882652,0.945396194421325,0.942472626156243,0.943187660079014,0.940187760608834,0.940984236799865,0.937913939408569,0.938788615689542,0.935654998139307,0.936603846882326,0.933415209519794,0.934433372616641,0.931199317212621,0.932281062923073,0.929012571880195,0.930151254130784,0.926860769661724,0.928048790416933,0.92475029326411,0.925979068644414,0.922688155880788,0.923948086756188,0.920682048176389,0.921962496019936,0.918740388601717,0.920029657445056,0.916872377333485,0.91815770272537,0.915088054166733,0.91635560009581,0.913398360725351,0.914633225530065,0.911815207398082,0.913001439749273,0.9103515454543,0.911472171559707,0.909021444846233,0.910058508090667,0.907840178262841,0.908774792563038,0.906824312065817,0.907636730284833,0.905991804811038,0.906661503643369,0.90536211413988,0.905867896945204,0.904956312915288,0.905276432045697,0.90479721557806,0.904909515810861
2,0.998974123205858,0.997934185218868,0.9969184776833,0.995861828450333,0.994857324252891,0.993782520258394,0.992790292492528,0.991695871552197,0.990717029182805,0.989601518366319,0.988637202585612,0.987499127087718,0.986550507150961,0.985388400157844,0.984456668682985,0.983269082279937,0.982355449998011,0.981140967163135,0.980246657109697,0.979003904836772,0.978130145978451,0.976857809570135,0.976005829864793,0.97470266843497,0.973873687328884,0.972538550550263,0.971733770921301,0.970365617051213,0.96958621661316,0.968184131826978,0.967431254017008,0.965994473074642,0.965269217453492,0.963797145720048,0.963100557922754,0.961592794759641,0.960925856043759,0.959382219581328,0.958745836029457,0.95716638932665,0.956561380770813,0.954946459361297,0.954373548108344,0.952723788926262,0.952183588376031,0.950499960047795,0.949992963309235,0.948276797790822,0.947803366415801,0.946056391947749,0.945616744917782,0.943841120262675,0.943435323380403,0.94163367330005,0.941261629154984,0.9394370810769,0.939098519773786,0.93725474158899,0.936949212447128,0.935090451373851,0.934817315826968,0.932948438267661,0.932706864216352,0.930833396528634,0.930622354421191,0.928750524517099,0.928568785459637,0.926705565142043,0.926551701365316,0.924704849305744,0.924577237343978,0.922755342602562,0.922652169569033,0.920864695555219,0.920783968930268,0.919041297702364,0.918980859082125,0.917294335885174,0.917251879173576,0.915633857118699,0.915606951681328,0.91407083647589,0.914056955812286,0.912617250459465,0.91261380699031,0.911286156389257,0.911290542996999,0.910091778391284,0.91010141739707,0.909049600639986,0.909062000946537,0.908176468577665,0.908189291757177,0.907490698916013,0.90750183507445,0.907012199314486,0.907019853619098,0.906762598730315,0.906765389546084
