0,0.1,0.1,0.1,0.1,0.1,0.1,0.1,0.1,0.1,0.1,0.1,0.1,0.1,0.1,0.1,0.1,0.1,0.1,0.1,0.1,0.1,0.1,0.1,0.1,0.1,0.1,0.1,0.1,0.1,0.1,0.1,0.1,0.1,0.1,0.1,0.1,0.1,0.1,0.1,0.1,0.1,0.1,0.1,0.1,0.1,0.1,0.1,0.1,0.1,0.1,0.1,0.1,0.1,0.1,0.1,0.1,0.1,0.1,0.1,0.1,0.1,0.1,0.1,0.1,0.1,0.1,0.1,0.1,0.1,0.1,0.1,0.1,0.1,0.1,0.1,0.1,0.1,0.1,0.1,0.1,0.1,0.1,0.1,0.1,0.1,0.1,0.1,0.1,0.1,0.1,0.1,0.1,0.1,0.1,0.1,0.1,0.1,0.1,0.1
0.08,-0.00709744052840147,-0.00450543999143602,-0.00189599578309179,0.000723469138637793,0.00335916220245262,0.00599902241378592,0.00865386191718751,0.0113069530514147,0.0139737556216945,0.0166328691482743,0.0193044217522803,0.0219623567133468,0.0246314683541764,0.0272810831014628,0.0299406362634768,0.0325748995427181,0.0352179007377302,0.0378299414794717,0.040449570261344,0.043032725457809,0.0456223812980925,0.0481702413771266,0.0507235878299189,0.0532300389781243,0.0557410446071819,0.0582003075442468,0.0606632831385567,0.0630699479023463,0.0654795795666212,0.0678286359325314,0.0701800137051034,0.0724668769320767,0.0747555186529762,0.0769760503209472,0.0791979205460437,0.0813484443238699,0.0834999681552834,0.0855772804128849,0.087655352189914,0.0896567274418732,0.0916587143089493,0.0935819055477687,0.0955056459850488,0.0973488800292972,0.0991926774961723,0.100954645540663,0.102717257441568,0.104397101052477,0.106077723286998,0.107675016133607,0.109273263538227,0.110787989194084,0.112303872220465,0.113736398399806,0.115170296403902,0.116521346023941,0.117873977561393,0.119144597037496,0.120416987573753,0.121608512762899,0.122801960211595,0.123915980420142,0.125032018920985,0.126070339386286,0.12711070172467,0.128075304967221,0.129041884022721,0.129934890447088,0.130829700037965,0.131653328137776,0.132478463604424,0.133234990100206,0.133992588943331,0.134684309153031,0.135376512013259,0.136005700725033,0.136634612960712,0.137203486047029,0.137771140137294,0.138281817119731,0.138790136091427,0.139244603837591,0.139695365888332,0.140095443597097,0.140490248063406,0.140837553672853,0.141177788472664,0.141473706607358,0.141760517270718,0.142006168831787,0.142240429222818,0.142436642715987,0.142618927543207,0.142766212236661,0.142896771447771,0.142995292453459,0.143074027614523,0.143123582993016,0.143150025760284
0.16,-0.0167121743841583,-0.0142514930710195,-0.0117710287108619,-0.00927123729572062,-0.00675383556827836,-0.00421888045340063,-0.00166853473281248,0.000897551053240541,0.00347676711148874,0.00606987500559159,0.00867381872582618,0.0112897759981036,0.013914247181809,0.0165488285025619,0.01918958107978,0.0218385202016752,0.0244912739516966,0.0271502754216894,0.0298107276766291,0.0324754784908044,0.0351393157348304,0.037805496848931,0.0404684061259273,0.0431317037347585,0.0457893837780649,0.0484455002782404,0.0510936722778302,0.0537383368304482,0.0563727547554653,0.0590017333682752,0.0616181937662547,0.0642272988186627,0.0668216500169652,0.0694067491558202,0.0719748997958079,0.0745319241352594,0.0770698509754701,0.0795948025402631,0.0820985574712764,0.0845875158295913,0.0870532320503497,0.0895023600896528,0.0919262574026606,0.094331806209936,0.0967101954009325,0.0990685082170593,0.101397794493381,0.103705309720213,0.105981995191051,0.108235248438887,0.110455933629919,0.112651558802432,0.114812943206804,0.116947672630029,0.119046554307262,0.121117217918873,0.123150492162909,0.125154015787633,0.127118672894838,0.129052075641352,0.130945197818727,0.132805588642733,0.134624346105824,0.136408919593061,0.138150565911954,0.139856597343609,0.141518464103919,0.143143303875187,0.144722794728997,0.146263862199281,0.147758446388449,0.149213223248896,0.15062042869005,0.151986451940599,0.153303857967262,0.154578712601198,0.155803942463933,0.156985253962916,0.15811596719295,0.159201393939679,0.160235278685216,0.161222504404135,0.162157269851361,0.163043996190166,0.163877365182837,0.164661304548922,0.165391006521287,0.166069875287626,0.166693639625326,0.167265151819675,0.167780701762093,0.168242563351698,0.168647610547054,0.168997514428365,0.169289754249632,0.16952537604878,0.169702483774214,0.16982147855923,0.169881106516071
0.24,-0.0259509168407331,-0.023401939979369,-0.0208276836586717,-0.0182269916744677,-0.0156036441736686,-0.0129548487176932,-0.010286084995566,-0.00759290494511142,-0.00488250137638371,-0.00214875775733506,0.000599413105906636,0.00336980234519892,0.00615177715168531,0.00895480250926108,0.0117665326060745,0.0145980985176188,0.0174354555471951,0.020291385980072,0.0231501675562981,0.0260262116863536,0.0289021471292414,0.0317939850802487,0.0346827411886794,0.0375859898143488,0.0404831766565737,0.0433933953452854,0.0462945720472464,0.0492072685300721,0.0521079490421674,0.0550185851853457,0.0579142440090066,0.0608182415728089,0.0637043194291798,0.0665970657760516,0.0694689752001614,0.0723458289361469,0.0751989597812256,0.0780552563159648,0.0808849811539882,0.0837160381660122,0.086517717572132,0.0893188403677663,0.0920878280779985,0.0948543148338951,0.097585962767282,0.100313109648431,0.103002772786841,0.105685878933851,0.108328920054623,0.110963292436069,0.113555086694851,0.116136044822591,0.118671984185861,0.121194864693349,0.123670362222382,0.126130523308177,0.128541017298417,0.130933843039276,0.133274801021332,0.135595705561416,0.137862628172108,0.140107059797004,0.14229548453106,0.144458929637364,0.146564434492454,0.148642421465696,0.15066062849553,0.152648731511107,0.154575310303203,0.156469153066802,0.158299824163303,0.160095083608933,0.161825621890496,0.163518031855738,0.165144269909942,0.166729624809382,0.168247456306377,0.169721614825261,0.171126997924436,0.172485886755562,0.173774847567843,0.17501446521536,0.17618310134635,0.177299522020604,0.178344006220145,0.179333383847936,0.180249967791742,0.181108540166305,0.181893558395195,0.182617651489907,0.183267525531677,0.183853558000939,0.184364800699253,0.184809288589135,0.185178508662808,0.185478070352942,0.185701977207727,0.185853338604584,0.185928747418064
0.32,-0.0345306129414447,-0.0318922008578249,-0.0292211775202305,-0.0265193200028634,-0.0237863506694005,-0.0210247813038843,-0.0182336640578065,-0.0154162520404513,-0.0125709199047735,-0.00970166589719314,-0.0068061826488954,-0.00388921446610465,-0.000947770266690416,0.00201266161258995,0.00499575476508158,0.00799528185805621,0.0110155948494939,0.0140497354926173,0.017102726979448,0.0201668913089803,0.0232479127648409,0.0263374078481582,0.0294417087641138,0.0325517438753063,0.0356744771074095,0.0388001691407578,0.0419363963986762,0.0450727754136865,0.0482174728842373,0.0513594877760557,0.0545075518756149,0.0576500761648122,0.0607963294147351,0.0639341671506686,0.0670733641700645,0.0702012559422707,0.0733280895527104,0.076440718605067,0.0795498260420792,0.0826418244847891,0.0857277937112984,0.0887937488260908,0.0918511249432821,0.0948855855775975,0.097908877329042,0.100906360375355,0.103890046740606,0.106845043697451,0.109783580571702,0.112690564183388,0.11557839114019,0.118431822112619,0.121263369247055,0.124057703037495,0.126827397887617,0.129557091566721,0.132259366111462,0.134918885296239,0.137548183028414,0.140132008885283,0.14268279195866,0.145185428276125,0.147652184725937,0.150068165056778,0.152445416093369,0.154769310966623,0.157051618342235,0.159278042545533,0.161460015994541,0.163583635927662,0.165659940680768,0.167675481781509,0.169640846154636,0.171543100398277,0.173392323457034,0.17517615693082,0.176904116231498,0.178564476785649,0.180166136193767,0.18169806117052,0.183168478757889,0.184567102800073,0.185901438821289,0.187162001761777,0.188355526710868,0.189473381544108,0.190521484291867,0.191492105228412,0.192390301240631,0.193209291845275,0.193953231481746,0.194616332895459,0.195201809789155,0.195704909034549,0.196127868549888,0.19646700691937,0.196723554687885,0.196894936213033,0.196981346744112
0.4,-0.0420940829835967,-0.0394067079917401,-0.0366809746716329,-0.0339189585218133,-0.0311200376407228,-0.0282872487224143,-0.025419087834643,-0.0225195618814917,-0.0195862756784143,-0.0166242116787431,-0.0136300778460419,-0.0106098337269764,-0.00755928854479652,-0.00448537660545946,-0.00138301029465002,0.00173990760581868,0.00488935578842004,0.00805647328472634,0.0112481201986389,0.0144544917114306,0.0176833157290454,0.0209238619914745,0.0241847086351203,0.0274542224499817,0.0307418102657773,0.0340349624892215,0.0373438891538132,0.0406552349015293,0.0439799835576812,0.04730396862935,0.0506389144462348,0.053969881963969,0.0573092989178892,0.0606414961742985,0.063979564045461,0.0673071495569073,0.0706379611377702,0.0739550118983152,0.0772725804089246,0.0805730993404077,0.0838713660460491,0.0871492896396772,0.0904221316660714,0.0936713378108466,0.0969125761520269,0.100126892145283,0.103330299859201,0.106503510594465,0.109662821181277,0.112788677508609,0.115897593466499,0.118969820720419,0.12202202227372,0.125034328963736,0.128023482957994,0.13096956961671,0.133889338575243,0.136762906758905,0.13960695809527,0.142401719531558,0.145163734912218,0.147873420789951,0.150547105641302,0.153165476036644,0.155744569190392,0.158265422623986,0.160743706094712,0.163160889214047,0.165532198102606,0.167839615483746,0.170097847999961,0.172289472062589,0.174428599660457,0.176498480689976,0.178512558308412,0.18045483457863,0.182338010980467,0.184146918970142,0.185893447171878,0.187563331868127,0.189167579652572,0.190692904933849,0.192149365437532,0.193524724528572,0.194828026895405,0.196048152886164,0.19719307297851,0.19825284939877,0.19923432055665,0.200128791997559,0.200941915836332,0.201666298609708,0.202306355846117,0.202856048671906,0.203318509967906,0.203689104679681,0.203969641493002,0.204156933750908,0.204251429180762
0.48,-0.0483948444844721,-0.0457043600864448,-0.0429716457648559,-0.0401964583115357,-0.0373814690621178,-0.0345255084042643,-0.0316322792029897,-0.0286996738119851,-0.0257324343326414,-0.0227275072535648,-0.0196906776282487,-0.0166179421278647,-0.0135161283795026,-0.0103802832576959,-0.00721827240728719,-0.00402419697685715,-0.000806951827725435,0.00244029943533358,0.00570764583344146,0.00900284896646942,0.0123149991703369,0.0156527667243373,0.0190042650638869,0.0223790524243219,0.0257642914791894,0.0291704035035848,0.0325836308856787,0.0360152288540585,0.0394505542918352,0.0429016631656846,0.0463530658855818,0.0498175818707135,0.0532789182708946,0.056750616679269,0.0602156282905479,0.0636881716957734,0.0671504934242946,0.0706174401052083,0.0740706087511748,0.0775254214175742,0.08096288446402,0.0843989392582881,0.0878140639236019,0.0912246596916334,0.0946107422392457,0.0979891100637463,0.101339385362092,0.104678698350985,0.107986349676551,0.11127973299888,0.114537902074848,0.11777844323622,0.120980240498892,0.124160999848145,0.127299514933029,0.130413536391469,0.13348184883059,0.13652217083475,0.139513360956392,0.142473027604935,0.145380187626725,0.148252260021699,0.151068505327558,0.153846073099857,0.156564553691025,0.159240746699514,0.161854658809474,0.164422659002833,0.166925256865595,0.169378310295542,0.171762918056377,0.174094347030519,0.176354370787821,0.178557586149961,0.180686526116553,0.182755039641854,0.184746502413603,0.186673939305575,0.188521650224798,0.190301761700643,0.191999577301323,0.193626253251706,0.195168173773131,0.196635455482,0.198015637436958,0.199317730346569,0.200530499129787,0.201661785635612,0.20270164815765,0.203656700417381,0.204518357748722,0.20529195048908,0.205970310498649,0.206557433803239,0.207047623775103,0.207443495836044,0.207740875047539,0.207940954863104,0.208041127107106
0.56,-0.0533041150729196,-0.0506533944721012,-0.0479562986216609,-0.0452134339861205,-0.042426268251184,-0.0395951825996396,-0.0367219835690771,-0.0338068230325925,-0.0308518478971157,-0.0278569777305297,-0.0248247001027123,-0.0217547003202337,-0.0186498056517043,-0.0155094662547543,-0.0123368468512112,-0.00913116265281709,-0.005895912288452,-0.00263007733581652,0.00066251453062475,0.00398311293299446,0.00732756733783751,0.0106973550015874,0.0140880100483715,0.0175012326679932,0.0209322504884747,0.0243829807973842,0.0278483548972546,0.0313305002089054,0.0348240631935845,0.0383313733227613,0.0418468049981302,0.0453728805570613,0.0489037163995023,0.0524420174629191,0.055981657452529,0.0595255125852887,0.0630672303956281,0.0666098460360001,0.0701467985732364,0.0736812687644357,0.0772065060482276,0.0807258225102541,0.0842322978882162,0.0877293604215392,0.0912099411086076,0.094677568320704,0.0981250462542115,0.101555986599439,0.104963089600184,0.108350032722937,0.11170943595201,0.115045024322568,0.118349362023174,0.121626202855122,0.124868080368111,0.128078757805662,0.131250763846937,0.134387851409941,0.137482570597399,0.140538643871301,0.143548669488406,0.146516319045828,0.149434266028389,0.152306110568493,0.155124628700674,0.157893328391905,0.160605115696945,0.16326338570819,0.165861202018772,0.168401826223417,0.17087850691609,0.173294351752914,0.175642821630381,0.177926850104655,0.180140137409246,0.182285423216866,0.184356673757922,0.186356415514815,0.188278906892176,0.190126442450713,0.191893598355955,0.193582419189497,0.195187823766002,0.196711589402204,0.198149001644612,0.199501554127515,0.200764922300554,0.201940300660977,0.203023776717126,0.204016231430335,0.204914185405238,0.205718192814294,0.206425227178308,0.20703550386102,0.207546467804756,0.20795798486159,0.208267988492774,0.208475985732597,0.20858041416108
0.64,-0.0567946642897844,-0.0542197993262584,-0.0515952002606814,-0.0489229994806303,-0.0462024704876469,-0.0434367832068229,-0.0406242896964977,-0.0377692071384503,-0.0348689564714475,-0.0319288079102795,-0.0289452453981837,-0.025924593874745,-0.022862398305917,-0.0197660358755456,-0.0166301145690249,-0.0134630570851234,-0.0102585404729088,-0.00702602190746094,-0.00375825764665443,-0.000465723949738122,0.00285972943335124,0.00620662693237351,0.0095840068633795,0.0129794185096543,0.016402765649084,0.0198406509670458,0.023303816950823,0.0267779525952952,0.0302746082280463,0.0337785963763306,0.0373022402718398,0.0408295174507869,0.0443734851133322,0.0479173314547096,0.0514748047942776,0.055028353711067,0.0585923709847228,0.0621486192602978,0.0657120854312623,0.0692639037127063,0.0728196012179654,0.076359744904103,0.0799003448206432,0.0834214653346613,0.0869395389336932,0.0904341953695389,0.093922226047335,0.0973828971783772,0.100833292751616,0.104252389389362,0.10765749474213,0.111027372432096,0.114379482500971,0.117692454542089,0.120983827624982,0.124232178398259,0.127455049771962,0.130631048363379,0.133777644194033,0.136873558295995,0.139936109825967,0.142944219900912,0.145914977894826,0.148827591583913,0.151698841015877,0.154508307774985,0.15727238273833,0.159971108682908,0.162620407503035,0.165200870442675,0.167727870972905,0.170182635615816,0.172579910695452,0.174901644002362,0.177161877055456,0.179343363721794,0.181459364474458,0.183493522519006,0.185458242812416,0.187338139249998,0.18914468892559,0.190863555500701,0.192505218333409,0.194056467291068,0.195526716945835,0.196903956815338,0.198196472801477,0.199393524168111,0.200502207765546,0.201513119004746,0.202432109135526,0.203251172083364,0.203974861101317,0.204596626634689,0.205119676005513,0.205538969504806,0.205856325348394,0.206068262014923,0.206175170481195
0.72,-0.0589193367203087,-0.0564487689708197,-0.053927400659148,-0.0513557772422968,-0.0487353187750292,-0.0460663509068208,-0.0433506442722588,-0.040588300776683,-0.037781443286409,-0.0349299470382449,-0.0320362875173665,-0.0291001113906122,-0.0261242458490707,-0.0231081081396746,-0.0200548749222797,-0.016963734247552,-0.0138382086628386,-0.0106772583377392,-0.00748474676658831,-0.00425940865816446,-0.00100544214392503,0.00227863999402146,0.00558831267134302,0.00892528038043891,0.0122847001425228,0.0156684879550885,0.0190714933719367,0.022495837014709,0.0259360727544773,0.0293945178553014,0.0328654436313792,0.0363513549225094,0.0398462549310298,0.0433528259418017,0.0468648187818986,0.0503850820126517,0.0539071310809033,0.0574339686491462,0.0609588929987671,0.0644850477476843,0.0680055334021465,0.071523620460654,0.075032232170532,0.0785347509531893,0.0820239443841401,0.0855032910183324,0.0889654253572352,0.0924139055241383,0.0958412564895312,0.0992510986644785,0.102635871906547,0.10599924098352,0.10933358585801,0.112642597142085,0.115918620841627,0.119165354392318,0.122375136417796,0.125551651725357,0.128687258679046,0.131785609654917,0.134839110336303,0.137851360598005,0.140814841382297,0.143733079812245,0.146598660290769,0.149415016847587,0.152174865708418,0.154881527468531,0.157527878594871,0.160117106001302,0.162642274764317,0.165106418058813,0.167502817780848,0.169834333594644,0.172094492157922,0.174285960235699,0.176402536810876,0.178446676841667,0.180412478709835,0.182302167237916,0.184110166678948,0.185838454067008,0.187481805286379,0.189041932702575,0.190513988768167,0.191899405167969,0.193193734927645,0.194398114000751,0.195508518950888,0.196525776002833,0.197446307077356,0.198270615814863,0.198995590063771,0.199621399252312,0.20014541637811,0.20056746633961,0.200885425059549,0.201098763977676,0.201205878179215
0.8,-0.059788926686772,-0.057444712506845,-0.0550492070658095,-0.0526024056827853,-0.0501063931762859,-0.0475605371266121,-0.0449676877482818,-0.0423265765494669,-0.0396408245348826,-0.0369085214402611,-0.0341340615349918,-0.0313148897594724,-0.02845617312705,-0.0255547115047741,-0.0226164410742505,-0.0196375191499376,-0.0166246444020384,-0.0135733369553318,-0.010491048147497,-0.00737266915085824,-0.00422639098235919,-0.00104648699400955,0.0021581282867062,0.0053937852923074,0.0086508653349178,0.011936285695573,0.0152397460457238,0.0185687306944757,0.0219122833370632,0.0252784326341318,0.0286555950759245,0.0320523181830517,0.0354564230675382,0.0388769478571492,0.0423011531034844,0.0457385365940276,0.0491758360509241,0.0526229753587015,0.0560662099630883,0.05951585375983,0.0629577231890679,0.066402483653445,0.0698355584588562,0.0732679237090667,0.0766846579175035,0.0800970049110019,0.0834897490801448,0.0868743569655287,0.0902353716775738,0.093584435582581,0.0969059053599496,0.100211550598467,0.103485598224145,0.106739894904082,0.109958596128183,0.113153574141024,0.116308972754154,0.119436637125968,0.122520760378982,0.125573106961653,0.128577981310381,0.131547012790812,0.134464679943384,0.13734242214742,0.14016495539083,0.142943473857695,0.145662994639305,0.148334411441352,0.150943106180108,0.153499616961764,0.155989754062982,0.158423645271834,0.160787592318513,0.163091258600581,0.165321499693343,0.167487461423731,0.169576614640623,0.171597535559859,0.173538370506461,0.175407075432044,0.177192530851488,0.178902023433364,0.18052522484516,0.182068705333075,0.183522982668854,0.184893865658841,0.186172770862471,0.187364702989008,0.188462027547835,0.189468905087589,0.190378697460957,0.191194683813404,0.19191126672401,0.192530809733665,0.193048797286742,0.193466646371201,0.193780960966051,0.193992184013584,0.194098073011483
0.88,-0.0595524415793608,-0.0573502924314157,-0.0550963666135454,-0.0527923285269262,-0.0504377920405451,-0.0480351937570509,-0.0455835065306341,-0.0430859461689824,-0.0405408374890707,-0.0379521795992454,-0.0353176449377185,-0.0326420169999929,-0.0299223142501993,-0.0271641025842646,-0.0243637477034384,-0.0215275927883547,-0.0186513548443852,-0.0157421460481173,-0.0127950416700137,-0.00981791138861227,-0.00680519862104507,-0.00376551582857497,-0.000692687391976158,0.00240394939662374,0.00553117343781194,0.00867894378765676,0.0118546239448695,0.0150474937014564,0.0182654795651759,0.0214972096286031,0.0247511489488048,0.0280153046152415,0.0312986529519511,0.0345886138145783,0.0378946447502006,0.0412036151506934,0.044525431054599,0.0478464510750705,0.0511769944097395,0.0545029513939031,0.0578350165507399,0.0611586571418903,0.0644849027936316,0.0677988454758799,0.0711118074313271,0.0744085555593644,0.0777006601049851,0.0809726154064891,0.0842361931182431,0.0874756696518882,0.0907029696594551,0.0939022082103358,0.0970854128947459,0.100236595787882,0.103367835892389,0.106463102203851,0.109534472336733,0.112565933480797,0.115569507987625,0.118529263657282,0.121457112839082,0.124337267276101,0.127181473928718,0.129974152498416,0.132726828747304,0.135424194792119,0.138077499195713,0.140671771140624,0.143217926034416,0.145701394716263,0.148132703768671,0.150497749960447,0.152806615910598,0.155045728010805,0.157224670557374,0.159330462413646,0.16137213622299,0.163337365058254,0.165234577859172,0.167052162267796,0.168797892999404,0.170460930979928,0.172048347958327,0.173550134948604,0.174972614017234,0.176306660897074,0.177557803524942,0.17871785455063,0.179791505841897,0.180771556476325,0.181661823054127,0.18245613765565,0.18315740538243,0.183760534715034,0.184267486211147,0.184674284737972,0.184981916659845,0.185187559581685,0.185291199620414
0.96,-0.0583796365695776,-0.0563287784298298,-0.0542273537318641,-0.0520763745067587,-0.0498762342353356,-0.0476282329557794,-0.0453326096867928,-0.0429909542961969,-0.0406033487283178,-0.0381716734998393,-0.0356958516062509,-0.0331780539847449,-0.0306180435617593,-0.0280182803995596,-0.0253783670080697,-0.0227010501940682,-0.0199857724912938,-0.0172355639713052,-0.0144497084315481,-0.0116315146193018,-0.00878010964354703,-0.00589907522278423,-0.00298738463816175,-4.88857574899194e-05,0.00291759829120043,0.00590796142785009,0.00892352619114087,0.0119599373344011,0.0150186577710536,0.0180950932310787,0.0211908409150043,0.0243010787549887,0.0274275313690764,0.030565161179578,0.0337158125880528,0.0368742458331114,0.0400424167227777,0.0432148976475564,0.0463937467270117,0.0495733638154225,0.0527558995600455,0.0559355975295495,0.0591146904587888,0.0622872827782929,0.0654556782505034,0.0686138601660017,0.0717641916747975,0.0749005537261424,0.0780253566809615,0.0811323986918867,0.0842241246641979,0.0872942701864612,0.0903453016017843,0.0933709127930571,0.0963735780477222,0.0993469709616173,0.102293559941955,0.105207020207372,0.108089800187812,0.110935599053573,0.113746830948925,0.116517241668504,0.119249196614521,0.121936511144497,0.124581487379668,0.127178033364408,0.129728373384794,0.132226531398757,0.134674639356584,0.137066860374571,0.139405219690225,0.141684042754826,0.143905233910867,0.146063303965375,0.148160022450166,0.15019010830423,0.152155182671832,0.154050195066184,0.15587660507825,0.157629614813958,0.159310509628454,0.160914765725289,0.162443482096079,0.163892429943778,0.165262510394286,0.166549809859754,0.167755020793208,0.168874564245974,0.169908913954062,0.170854844171667,0.171712600702785,0.172479328617187,0.173155037464929,0.173737259710469,0.174225761282478,0.174618477505486,0.174914924332361,0.175113454222052,0.175213327865625
1.04,-0.0564461582425581,-0.054551087350262,-0.0526075559703916,-0.0506152727763665,-0.0485763199496782,-0.0464896816509946,-0.044358301589969,-0.0421804302972632,-0.0399598795198019,-0.0376941600397636,-0.0353879548334852,-0.0330380318731343,-0.030649945155274,-0.0282197199128635,-0.0257537774834312,-0.0232474036247471,-0.0207078798096916,-0.0181297588269457,-0.0155211715095914,-0.0128759474615225,-0.0102030525016862,-0.00749560613469095,-0.0047633911761066,-0.00199883342747084,0.000787488904619475,0.00360382401905223,0.0064388235270322,0.00930138663713174,0.0121794235624917,0.0150824582751254,0.0179976919066308,0.0209352437377172,0.0238816416093092,0.0268475675090666,0.0298189151792334,0.0328068936417087,0.0357968050447513,0.0388003467913648,0.0418022751496601,0.0448147343751471,0.0478219836601839,0.0508365698279571,0.0538423067565964,0.0568520969291917,0.0598493634802715,0.0628473151691827,0.0658290416042667,0.0688080061221216,0.0717670244928693,0.0747197607895502,0.077648818912877,0.0805680078758524,0.0834597837567429,0.0863380429545487,0.0891851596351028,0.0920150584816002,0.094810099293613,0.0975841746093564,0.100319698806481,0.103030470752252,0.105699029496554,0.108339017852868,0.110933170529382,0.113494911294541,0.116007242126228,0.11848330440431,0.12090643933868,0.123289442487671,0.125616066325208,0.127898697334351,0.13012157106776,0.132296602132123,0.134408580464393,0.136468886723562,0.138462935731807,0.140401513138637,0.142270728049702,0.144080711334055,0.145818334376947,0.147493015068458,0.149092453367779,0.15062529784079,0.152080141314529,0.153464808817544,0.154768848041775,0.15599920867301,0.157146452675356,0.158216605265273,0.159201299208308,0.160105589069364,0.160922231784526,0.161655268287829,0.162298629619873,0.162855303557889,0.163320441479444,0.163695942173495,0.16397821962887,0.164168051739787,0.164263153176833
1.12,-0.0539229864545803,-0.0521845589575087,-0.0503992576029529,-0.0485680475065968,-0.0466911019679994,-0.0447697286543491,-0.0428038847628201,-0.040795223136372,-0.0387434819056284,-0.0366506604765915,-0.034516275919826,-0.0323426743103484,-0.0301291506584727,-0.0278783965070437,-0.0255894848224056,-0.0232654500840629,-0.0209051442659695,-0.0185119409051869,-0.0160844730847991,-0.0136264481593132,-0.0111362834826948,-0.0086180136177461,-0.00606984441711133,-0.00349612967084107,-0.000894869025320726,0.00172927385265612,0.00437849916410558,0.00704784407762966,0.00973970122723224,0.0124488206773904,0.0151777790381927,0.0179210526599951,0.0206813926475149,0.0234530163321372,0.0262388388300245,0.0290328344239356,0.0318380707842813,0.0346482963552109,0.0374667189627564,0.0402868796210847,0.0431121130092007,0.0459357722719783,0.0487613047768955,0.0515818964603228,0.0544010923987079,0.0572119330235315,0.0600180453771203,0.0628123470700331,0.0655985306596528,0.0683694145324202,0.0711287396623658,0.0738692496490498,0.0765947162014188,0.0792978333327302,0.0819823852899786,0.0846410423824639,0.087277582755119,0.0898846794915803,0.0924660856267398,0.0950145040030048,0.0975336432479677,0.100016263359861,0.10246600905398,0.104875725197122,0.107248972963737,0.109578710017576,0.111868394326698,0.114111124393039,0.116310235364274,0.118458994629406,0.120560595043522,0.122608500831954,0.124605743318368,0.126546011305159,0.128432155671614,0.130258117219232,0.132026547888934,0.133731667473644,0.135375910994185,0.136953803686059,0.138467546273568,0.13991199523333,0.141289100314454,0.142594074269605,0.143828599983162,0.144988270645056,0.146074487264481,0.14708324664737,0.148015653884426,0.148868131486871,0.149641475636514,0.150332555445003,0.150941846330794,0.151466683604946,0.151907211283948,0.152261249082265,0.152528600268,0.152707585672814,0.152797659834578
1.2,-0.0509693023438878,-0.0493845600952483,-0.0477552929753466,-0.046082750371618,-0.0443665651446742,-0.0426086046551788,-0.0408080030598494,-0.0389672514164552,-0.0370849798032934,-0.0351643063712508,-0.0332033538341795,-0.0312058684248216,-0.0291694643468832,-0.0270985144448073,-0.0249901254536169,-0.0228492928556878,-0.0206726191843048,-0.018465716046992,-0.0162246872973378,-0.0139557515902688,-0.01165452189743,-0.00932781226226735,-0.00697075485929199,-0.00459074487430318,-0.00218244605838598,0.000246182089642714,0.00270092958737635,0.00517329202092576,0.00766949625849663,0.010180514912523,0.0127129925481446,0.0152574032530944,0.0178207879379331,0.0203931490755982,0.0229819004206117,0.0255766021444931,0.0281850152523255,0.030796289262807,0.0334185048143182,0.0360404346775694,0.0386704495611808,0.0412969815593307,0.0439286600299588,0.046553614528699,0.0491806998816511,0.0517977832000474,0.054413909943849,0.057016726709766,0.0596154332204975,0.0621974991936729,0.0647722408320095,0.0673269961754583,0.0698711588462323,0.0723919818253187,0.0748988959580677,0.0773791170452527,0.0798420719728783,0.0822749883348476,0.0846872470461906,0.087066137388779,0.0894209516296252,0.0917390913746952,0.0940297170704609,0.0962803938376623,0.0985001068097726,0.10067663617491,0.102818748121685,0.104914489622256,0.106972364333953,0.10898073769129,0.110947807467836,0.112862308994202,0.114732091233054,0.116546310391001,0.11831242431156,0.120020060391851,0.121676243861858,0.123271122745331,0.12481124917375,0.126287340141586,0.127705435401594,0.129056867957625,0.13034712730254,0.131568207970455,0.132725012904637,0.133810241962238,0.134828177028354,0.135772265140323,0.136646134583712,0.137444019293821,0.138168863564171,0.138815725607305,0.139386837657337,0.139878117051285,0.140291058391791,0.140622470268377,0.140873086738579,0.141040636873426,0.141125074085424
1.28,-0.0477272885000235,-0.0462906221361283,-0.0448127767438496,-0.0432934337730859,-0.0417342932613466,-0.0401344224812274,-0.0384962556921249,-0.0368182383895922,-0.0351035447279451,-0.0333499933572985,-0.0315615011686175,-0.0297352574861307,-0.0278759218759496,-0.0259800545068409,-0.024053054596455,-0.0220908560307893,-0.0200995916450709,-0.0180745746586446,-0.0160226624429312,-0.0139385559405416,-0.0118298249047753,-0.00969056918450044,-0.00752905567402952,-0.00533879711240979,-0.00312873920611717,-0.000891824365415245,0.00136234429688453,0.00364137513685778,0.00593503209451567,0.00825145197619426,0.0105797932507663,0.0129286961450798,0.0152867441004291,0.0176630530729889,0.0200456648252276,0.0224441407545548,0.0248460171232522,0.0272612679617706,0.029676962952495,0.0321034535196238,0.0345273843265202,0.0369594466218101,0.0393859041375492,0.0418177481604107,0.044240907979481,0.0466666330406627,0.0490805669406134,0.0514941734492017,0.0538928613330885,0.0562882630414214,0.058665605323362,0.0610366420108826,0.0633864724252925,0.0657269230010144,0.0680430218147768,0.0703466178166964,0.072622725422219,0.0748831648906958,0.0771129957565267,0.0793239574573611,0.0815012144117847,0.0836563723834557,0.0857747612052601,0.0878677996035531,0.0899210438929661,0.0919456721050187,0.0939275284066479,0.0958774964052771,0.0977817695537636,0.0996508834618131,0.101471442119824,0.10325357995319,0.104984372310338,0.106673499867292,0.108308569467565,0.109898756331018,0.111432257995371,0.112917693613773,0.114343909423625,0.115718919235336,0.1170322745419,0.118291336107028,0.119486415530594,0.120624174633569,0.121695738016173,0.122707024701596,0.123650022975824,0.124529867479548,0.125339458415678,0.126083106952482,0.126754670745595,0.12735760111437,0.127886755772678,0.128344692739606,0.128727309234828,0.129036239654736,0.129268456795082,0.129424644430885,0.129502883416991
1.36,-0.0443195649449817,-0.0430241266967484,-0.0416901422079169,-0.0403178999661563,-0.0389081183618679,-0.0374610043022003,-0.0359774674252855,-0.0344576313610154,-0.0329025979367626,-0.0313124062231181,-0.0296883505027439,-0.0280303844230302,-0.0263399942947231,-0.0246170479085797,-0.0228632224701753,-0.0210782999200999,-0.0192641465088947,-0.0174204587810088,-0.0155492894574191,-0.0136502505937285,-0.0117255780766681,-0.0097748008372574,-0.00780033389031229,-0.00580162486513262,-0.00378126313383915,-0.00173861730499517,0.000323554393220612,0.0024059596365143,0.00450567756690626,0.00662348895724245,0.00875631726270411,0.0109050127225148,0.0130663507535047,0.0152412469961311,0.0174263371688209,0.0196225978252161,0.0218265339997907,0.0240391782621109,0.0262569146318115,0.0284808264038082,0.0307071868839693,0.0329371244267444,0.0351668125317303,0.0373974185920673,0.039625027786672,0.0418508401938095,0.0440708647043414,0.0462863274197127,0.0484931734886548,0.0506926480917799,0.0528806456585906,0.0550584232509887,0.0572218380402965,0.0593721515479727,0.0615051975451239,0.0636222343988936,0.0657190866915336,0.0677970018631782,0.0698518098262917,0.0718847391972867,0.0738916399978936,0.0758737140362341,0.077826846432733,0.0797522041521862,0.081645722562171,0.0835085257371288,0.0853366145463631,0.0871310621543476,0.0888879502384878,0.090608293101277,0.0922882685308761,0.0939288241241817,0.095526249022491,0.0970814164231251,0.0985907419452487,0.100055016883771,0.10147079828481,0.102838788270758,0.104155700029717,0.105422139515684,0.106634990481117,0.107794756031155,0.108898504553765,0.109946629980899,0.110936398997635,0.111868090434581,0.11273918246815,0.113549833334786,0.11429774537195,0.114982951202533,0.115603389414079,0.116158962506786,0.116647856771641,0.117069840622632,0.117423358818278,0.117708042302171,0.117922604323245,0.118066535581707,0.11813882704851
1.44,-0.0408490154566369,-0.0396864371224206,-0.038487852744505,-0.0372545592404673,-0.035985737687278,-0.0346834591926756,-0.033346227615098,-0.0319768959673749,-0.0305732842029172,-0.0291390319829479,-0.0276712714459504,-0.0261744305805874,-0.0246449526469039,-0.0230880525079578,-0.0214994863892308,-0.0198852513851782,-0.0182404214879073,-0.0165717681443499,-0.0148736909102382,-0.0131537244363503,-0.0114056046615293,-0.00963761500085648,-0.00784284163276619,-0.00603029899789763,-0.00419244040978618,-0.00233899030160596,-0.000461789045833554,0.00142875324074158,0.0033413861981738,0.00526504157884054,0.00720903313885984,0.00916166525059071,0.0111327869717719,0.0131101091838741,0.0151039845770746,0.0171015674957626,0.0191136798151443,0.02112695927347,0.0231526597950735,0.0251769453187812,0.0272114620965104,0.0292419458350996,0.0312803929226613,0.0333121590336582,0.0353495461596907,0.0373775806328503,0.0394088233151674,0.0414280242220478,0.0434479543056219,0.0454531424587093,0.0474565190607263,0.0494424490650282,0.0514239699090669,0.0533853415878482,0.0553396547079726,0.0572711248830836,0.0591928406773923,0.0610890352834291,0.0629727388953821,0.0648282654057365,0.0666685294103828,0.06847798955208,0.0702693869231391,0.0720273896562337,0.0737645069888475,0.0754656817250493,0.0771431326879171,0.0787821427220583,0.0803945817116038,0.0819661378385354,0.08350827380673,0.0850071480952524,0.0864737585217413,0.0878947982162376,0.0892807431944832,0.0906188847140326,0.0919191211203087,0.093169404124219,0.0943789998374622,0.0955365813253724,0.0966507294651271,0.0977108978791018,0.0987249310280836,0.0996831203234501,0.100592524700605,0.101444328351673,0.102244757901025,0.102985942807286,0.103673233167352,0.104299753425272,0.104869935743379,0.105377946248503,0.105827260803965,0.106213130647691,0.106538040247519,0.106798365872662,0.106995568983246,0.107127187062316,0.107193630640389
1.52,-0.0373990999928869,-0.0363598366407632,-0.0352880331992891,-0.0341836645289814,-0.0330476578328279,-0.0318797208415923,-0.0306811432413299,-0.0294513620892741,-0.0281920321816975,-0.0269023174889924,-0.0255842391721321,-0.0242366868580457,-0.0228620479191402,-0.0214589375675716,-0.0200301077980535,-0.0185739005453426,-0.0170934293783729,-0.0155867653192763,-0.0140573789864178,-0.0125030740952883,-0.0109276722999689,-0.00932871486525737,-0.00771036697177281,-0.00606991354308847,-0.00441185428100799,-0.00273322512911291,-0.00103884981409396,0.000674476094633401,0.00240161682145741,0.00414600733337432,0.00590221324409188,0.00767388900554875,0.00945531649772106,0.0112503574161035,0.0130530261928308,0.0148673783650443,0.0166871785758966,0.0185166616767205,0.0203493615113584,0.0221896766328605,0.0240309303579458,0.0258776682899046,0.0277230247186722,0.0295716746587162,0.031416586041346,0.0332625447222758,0.0351023760439847,0.0369409572645105,0.0387709959370581,0.0405974404809569,0.0424129064120538,0.0442223923395331,0.0460184483634403,0.0478061016572929,0.0495778643087174,0.0513387698566634,0.0530813204688906,0.0548105333623378,0.0565189294693963,0.0582114865977042,0.0598807736192397,0.0615317055374544,0.0631569287238936,0.0647612717708319,0.066337488385357,0.0678902970278612,0.0694125887406832,0.0709089481188434,0.0723724335882692,0.0738074722354296,0.0752073198492641,0.0765762225596841,0.0779076633095929,0.0792056841257369,0.0804640245863317,0.08168649987691,0.082867135260495,0.0840094968595764,0.0851079241167279,0.0861657124934996,0.0871775434289342,0.0881464208569875,0.0890673952295176,0.0899431589239107,0.0907691574986833,0.0915477526884551,0.0922748102091353,0.09295234311244,0.0935766611605247,0.0941494118291126,0.0946673715371531,0.0951318065365531,0.0955399811217291,0.0958927660131837,0.096187933097402,0.0964259446873806,0.096605098369881,0.0967254366928422,0.0967857993411729
1.6,-0.0340348927495679,-0.0331095371515199,-0.0321546068392331,-0.0311698547939216,-0.0301564178539685,-0.0291136315164085,-0.0280431385717405,-0.0269438519247837,-0.0258179242919233,-0.0246638425970686,-0.0234842715047063,-0.022277270329105,-0.0210460157042672,-0.0197881395085127,-0.0185073283252485,-0.017200788607813,-0.0158727127939972,-0.014519885788263,-0.0131469996871733,-0.0117504236080803,-0.0103353409923911,-0.00889771283074281,-0.00744320346760893,-0.00596737533113244,-0.00447636109808397,-0.0029653360994114,-0.00144088665184928,0.00010218565531385,0.00165685766314204,0.00322868629728581,0.0048102304348462,0.0064073884458565,0.00801232216832183,0.00963125253796322,0.0112559672824035,0.0128929892602817,0.0145337569696763,0.0161850728377149,0.0178380529052616,0.019499755162557,0.0211610017875999,0.0228290807463475,0.0244945506920902,0.0261649024740988,0.0278304632161148,0.029498898138255,0.0311603363916559,0.0328225877274201,0.0344756183393932,0.0361273514425853,0.0377676266358803,0.0394044484113011,0.0410275673631142,0.0426450360679727,0.0442465548075687,0.0458401901662286,0.0474156317735455,0.0489809253871131,0.0505257904735189,0.0520582165046987,0.0535679939560219,0.0550630200686112,0.0565331980295353,0.0579862965609021,0.0594123736388232,0.0608190329827144,0.0621965296481932,0.0635522658242576,0.0648767359842653,0.0661771043697517,0.0674441470890192,0.0686847542872222,0.0698900256321462,0.0710665414513284,0.0722057664300797,0.0733139359458048,0.0743829205175186,0.0754185761905756,0.07641321931579,0.077372293137194,0.0782885988410364,0.0791671344749446,0.0800012238939565,0.0807953887887512,0.0815435121716871,0.0822496096089477,0.0829081582413896,0.083522639292007,0.0840881573141993,0.0846076326704839,0.0850768287574266,0.0854980804097208,0.0858678392822509,0.0861878320082901,0.086455225743645,0.0866711183787092,0.0868334174889006,0.0869425739446738,0.0869972581909003
1.68,-0.0308054255125682,-0.0299845780681189,-0.0291363861796101,-0.0282619591815248,-0.0273604353493105,-0.0264336357423851,-0.025480061063731,-0.0245022513633203,-0.023498063653211,-0.0224707614891884,-0.021417554671764,-0.0203424319464376,-0.0192419550447876,-0.0181208366910531,-0.0169749924104304,-0.0158098547462899,-0.0146206976463291,-0.0134136663220328,-0.012183400574557,-0.0109367481096027,-0.00966772483953965,-0.00838386774770077,-0.00707858195560489,-0.00576007745712165,-0.00442116452279146,-0.00307070684384323,-0.00170093861153949,-0.000321354872119582,0.00107636468107579,0.00248211898874285,0.00390475849883662,0.00533360443816104,0.00677801031077183,0.00822675083072697,0.00968965280348884,0.0111549784653245,0.0126329955703515,0.0141114906647499,0.0156011375842473,0.0170892866315083,0.0185869804385181,0.0200811750632875,0.0215832423384529,0.0230797885094318,0.0245824728235663,0.0260775984475675,0.0275770681987126,0.0290669310573613,0.0305592876499284,0.0320399836662413,0.0335212700187449,0.0349888418397709,0.03645505120659,0.0379054970872555,0.0393525821787983,0.0407818651510727,0.0422057475356789,0.04360980484617,0.045006384616061,0.0463811374141622,0.0477463030967467,0.049087666354492,0.0504173050493635,0.0517211976932087,0.0530112054142186,0.0542735606480554,0.0555198528489333,0.0567366286467657,0.0579351509078719,0.0591023406537362,0.0602490795066873,0.0613627227585921,0.0624537166246933,0.0635099099785814,0.0645412601962339,0.0655361682252452,0.0665040501407765,0.0674339163844049,0.0683345904800974,0.0691957484571994,0.0700255714896708,0.0708144557086968,0.0715698918302136,0.0722830487694977,0.0729606806042904,0.0735947796347537,0.0741913192819416,0.0747431635041411,0.0752554634384792,0.0757220004055659,0.0761470642468876,0.0765253965447366,0.0768603896666945,0.0771477853222237,0.0773900452707243,0.0775839479592443,0.0777309946508338,0.0778290336731574,0.0778785793435449
1.76,-0.0277458812640347,-0.0270197575380226,-0.0262692447722384,-0.0254946481675653,-0.0246961520177734,-0.0238741437845493,-0.0230287960552702,-0.0221605790227282,-0.0212696530667696,-0.0203565713102188,-0.0194214815225627,-0.0184650196739219,-0.0174873206212281,-0.016489102812309,-0.0154704879929628,-0.0144322764275672,-0.0133745766582152,-0.0122982698093931,-0.0112034512347714,-0.0100910816644887,-0.00896124338821333,-0.00781497518755008,-0.00665234652242637,-0.00547447237132922,-0.00428140970865173,-0.00307434755518051,-0.00185333085342257,-0.000619620213370191,0.000626750892389266,0.00188445301367146,0.00315346347927404,0.00443238704004574,0.00572121105344706,0.00701847779996343,0.00832418379182152,0.00963681244916306,0.0109563684675532,0.0122812802911338,0.0136115597341192,0.0149455844151015,0.0162833721138813,0.017623254030723,0.0189652526750711,0.0203076574824168,0.0216504943791147,0.0229920159242433,0.0243322500782055,0.0256694176342406,0.0270035471410289,0.0283328329451236,0.0296573026825536,0.0309751297662756,0.0322863393718364,0.0335890896700035,0.0348834017898406,0.0361674245130955,0.0374411733073523,0.0387027935628223,0.0399522934511994,0.0411878210946602,0.0424093757251358,0.0436151144271978,0.0448050258499584,0.045977282357913,0.0471318603856792,0.0482669539617932,0.0493825256968852,0.0504767977131094,0.0515497172207916,0.0525995408890604,0.0536261989959287,0.054627989212474,0.0556048234079164,0.0565550466893013,0.0574785511073606,0.058373735595264,0.0592404710535761,0.0600772165647223,0.0608838206365925,0.0616588087336329,0.0624020058287414,0.0631120098873518,0.0637886213160666,0.0644305165630311,0.0650374705588344,0.0656082440554472,0.066142585729568,0.0666393462742951,0.0670982474762836,0.0675182354002958,0.0678990044579677,0.0682396012868847,0.0685396925988235,0.0687984305537908,0.0690154540074116,0.0691900253184849,0.069321755506542,0.0694100215112591,0.0694544067196251
1.84,-0.0248792775502211,-0.0242387494623014,-0.0235766651041237,-0.0228924350407337,-0.0221874253327418,-0.0214604231056311,-0.0207134856364306,-0.0199447694449175,-0.0191570288191005,-0.0183477850202542,-0.0175204924337859,-0.0166720349873947,-0.0158065674741234,-0.014920337051388,-0.0140181963965694,-0.0130957591487481,-0.0121585704658283,-0.0112016164492777,-0.0102311264170117,-0.00924146767190652,-0.0082395424296668,-0.00721911071049218,-0.00618773341042793,-0.00513857756717745,-0.00407984558271335,-0.00300412859257835,-0.00192025038358247,-0.000820246033793443,0.000286462330396468,0.00140837310702814,0.00253549176465867,0.00367682489904795,0.00482183435013864,0.00598000698771854,0.00714029258154493,0.00831262777025455,0.00948548452138314,0.0106692162316327,0.0118518539588564,0.0130441324293135,0.0142336812109237,0.0154315786130244,0.0166250945509418,0.0178256109640904,0.0190200822484612,0.0202201519369418,0.0214125052018956,0.0226090031835835,0.0237961101439421,0.0249858590399716,0.0261645433977974,0.0273443205514239,0.0285113651604064,0.0296779100123864,0.0308300642871874,0.0319800859941059,0.0331140735509191,0.0342442588320109,0.035356785345742,0.0364638065428902,0.0375515678055373,0.0386320911402908,0.0396917813042941,0.0407424753149274,0.0417707953044742,0.0427883394453174,0.0437820055178313,0.0447630989023366,0.0457188513416465,0.0466602216099218,0.0475748335319111,0.0484732458227502,0.0493435320736175,0.0501957980803928,0.0510186242070268,0.0518216112961822,0.0525939025675589,0.0533445429378547,0.054063293395812,0.0547585932559284,0.0554208747731634,0.056057923514771,0.056660894837436,0.0572368741803896,0.0577777899322427,0.0582899830181496,0.0587662026428435,0.0592120030529074,0.0596209996706763,0.0599979203434184,0.0603372894981511,0.0606429715223644,0.0609104397948371,0.0611426610529427,0.0613360945158189,0.061492778152665,0.0616101906427673,0.0616894133348387,0.0617289745181489
1.92,-0.0222188456370206,-0.0216555899429663,-0.0210725770646907,-0.0204704822754996,-0.0198488275058291,-0.0192087112775515,-0.0185492872901381,-0.0178720816040557,-0.0171758761175184,-0.0164626270890301,-0.0157307425531513,-0.014982609948842,-0.0142162629304311,-0.0134345193850501,-0.0126350396490301,-0.0118210695788966,-0.0109898988609999,-0.0101451970706746,-0.00928388753885582,-0.0084100575186554,-0.00752026992105583,-0.00661902183371701,-0.00570252333176773,-0.00477567168731325,-0.00383433337333233,-0.00288379439195794,-0.00191958849138244,-0.000947377154963411,3.76260858416168e-05,0.00102939929223171,0.00203303503083103,0.00304216768519039,0.00406218021802089,0.005086381832463,0.00612042863644255,0.00715732482917262,0.00820298090571356,0.00925011786926564,0.0103048803855815,0.0113597296458076,0.0124210228675473,0.0134809863270104,0.0145461668353996,0.0156085820939822,0.0166749442797934,0.0177370902244949,0.0188018720503183,0.0198609747053782,0.0209213637268119,0.0219746023544661,0.0230277419900057,0.024072255431361,0.0251152514699334,0.0261481447146322,0.0271780720488949,0.0281964230214418,0.0292103325941636,0.030211199143998,0.0312061250940399,0.0321865521756709,0.0331595191693124,0.0341165461980785,0.0350645769306805,0.0359952452989673,0.0369153681512279,0.0378167288892698,0.0387059857216239,0.0395751072863323,0.0404305613543634,0.0412645375289716,0.0420832815020556,0.042879239388743,0.0436584034535211,0.0444135115405885,0.045150271570283,0.0458617478548897,0.0465533336249258,0.0472184537718781,0.0478621572017623,0.048478262718356,0.0490714461192901,0.0496359525257653,0.0501760568330478,0.0506864618078113,0.0511710147766867,0.051624906255098,0.0520515305983814,0.0524465948035833,0.0528130162490897,0.0531470456331,0.0534511008786694,0.0537220019517304,0.053961646495444,0.0541674475214614,0.054340763344509,0.0544796218802951,0.0545848249598641,0.0546550352158396,0.0546904828453703
2,-0.0197702599941412,-0.0192759818057573,-0.0187640945722236,-0.0182352172553134,-0.0176888912109004,-0.0171261295070876,-0.0165461284950648,-0.0159502993641972,-0.0153374901373891,-0.0147095126204246,-0.0140648645948902,-0.013405759414639,-0.012730344153061,-0.0120412330450705,-0.0113362234659415,-0.0106183282363048,-0.0098849975455524,-0.00913963885271255,-0.00837935919507419,-0.00760795505336311,-0.00682219588148341,-0.00602625988479627,-0.00521658604469754,-0.00439772530938084,-0.00356579484165792,-0.00272570766838357,-0.00187326932518607,-0.00101374258029202,-0.000142633058884666,0.000734460723616766,0.00162231982918531,0.00251502562299839,0.0034176311498379,0.00432391488649902,0.00523918570739116,0.00615693799768531,0.00708271889836162,0.00800975902086035,0.00894382484546568,0.00987790499724734,0.0108179650566339,0.0117567748604845,0.0127004775972033,0.0136416488588333,0.0145865867619131,0.0155276984699618,0.0164714132317882,0.0174099967926316,0.0183499846994691,0.0192835293980885,0.0202172469450211,0.0211432056224468,0.0220680753427562,0.0229838702798594,0.0238972867781129,0.024800315774793,0.0256996519521755,0.0265872945902766,0.0274699080499847,0.0283395321275738,0.0292027717473817,0.0300517398713403,0.0308929525297644,0.0317186288529835,0.0325351662948054,0.0333349233836294,0.0341241492098975,0.0348953750268461,0.0356546717938563,0.0363947767800595,0.0371215531912261,0.0378279774324417,0.0385196756064086,0.0391898960659534,0.0398439988637651,0.0404755366651869,0.0410895750588405,0.041680002800684,0.0422515632649227,0.0427985123495049,0.0433252442582847,0.043826412215994,0.0443060352246708,0.0447591930149412,0.0451895044088777,0.0455925036786662,0.0459713856686521,0.0463221659489668,0.0466475928935853,0.0469441887143746,0.0472142342492323,0.0474547821527514,0.0476676262063185,0.0478503716389423,0.0480043073146305,0.0481276113769848,0.048221051681015,0.048283397716246,0.0483148821108402
2.08,-0.0175329034129356,-0.0170999137929705,-0.0166517764339803,-0.0161878209108756,-0.0157093473827145,-0.0152150462373976,-0.0147069064385067,-0.0141829719796922,-0.013645926523635,-0.0130931630221553,-0.0125280630189761,-0.0119473664039584,-0.0113551530030333,-0.0107475103127046,-0.0101292140037868,-0.00949570258778716,-0.00885244225731063,-0.00819422872766779,-0.00752721046797616,-0.00684554939651454,-0.00615606506626108,-0.00545229742682664,-0.00474172296139126,-0.00401727431590115,-0.00328706778728486,-0.00254344621525364,-0.00179514564153843,-0.00103393941338826,-0.000269160318490199,0.000507964686378983,0.00128753196128534,0.00207883509001082,0.00287142832135871,0.00367509723437184,0.00447888549465397,0.00529303950063968,0.00610612657706595,0.00692882021238362,0.00774924826168711,0.00857847510980513,0.00940422854445683,0.0102379252902441,0.0110669348906535,0.0119029856036615,0.0127331328502571,0.0135693734904159,0.0143984951088192,0.0152327182472671,0.0160586109590941,0.0168885707061552,0.0177089961773106,0.0185324133089432,0.0193451032866039,0.0201596705599525,0.020962332188783,0.021765719836794,0.0225560411442913,0.0233459025386829,0.0241215580789144,0.024895535550148,0.0256541921945295,0.0264099229967895,0.0271492458599473,0.0278843682685256,0.0286020267567026,0.029314186284586,0.0300078602534909,0.0306947159733752,0.0313621019818276,0.032021332939236,0.0326601505844451,0.0332894622871001,0.0338974606069212,0.0344945915750268,0.0350695555020715,0.035632283863693,0.0361720407157356,0.0366981908310308,0.0372006168217434,0.037688065919395,0.0381510926730717,0.0385977774819046,0.0390193985354925,0.0394233218939262,0.0398015991693781,0.0401608365950738,0.0404939068247648,0.040806613026571,0.0410926941142955,0.0413571094283832,0.0415945067282538,0.0418089634601634,0.0419960759555853,0.042159004609778,0.0422943309745646,0.0424042663529915,0.0424864108766206,0.0425419980277851,0.0425696763867765
2.16,-0.0155013778914803,-0.0151231032395239,-0.014731111251988,-0.014325585386497,-0.0139065794566784,-0.0134743444255633,-0.0130289068807481,-0.012570585818076,-0.0120993801642876,-0.0116156772372354,-0.0111194480044178,-0.0106111481492968,-0.0100907205216594,-0.00955868896349499,-0.0090149681916657,-0.00846014974452812,-0.00789412033676129,-0.00731753848234948,-0.00673026317255509,-0.0061330189150786,-0.00552563740597068,-0.00490890790191199,-0.00428263538212351,-0.00364767234401707,-0.00300379777859009,-0.00235192565252138,-0.0016918098467559,-0.0010244237638627,-0.000349497201093674,0.000331939296058777,0.00102017884159079,0.00171413629628998,0.00241412636970389,0.00311901212994781,0.0038291284267401,0.00454328958298108,0.00526184899779563,0.00598357553625969,0.00670883942578523,0.00743636759343354,0.00816654524917857,0.00889806112575269,0.00963131345182023,0.0103649567237869,0.0110994001141439,0.0118332680447302,0.0125669784538406,0.0132991300427282,0.0140301472427967,0.0147586075684243,0.0154849395858791,0.0162077043226922,0.016927332045925,0.0176423721483031,0.0183532540980823,0.0190585206420825,0.0197585978954613,0.0204520270689263,0.0211392283268888,0.0218187465579005,0.0224909933464192,0.023154522559517,0.0238097345531447,0.0244551975421851,0.0250912979987678,0.025716623904781,0.0263315451993615,0.0269346750812497,0.0275263643267372,0.0281052568121805,0.0286716815538833,0.0292243185573534,0.029763472528025,0.0302878650223728,0.0307977739439938,0.0312919677716633,0.0317706951897829,0.0322327768993224,0.0326784300354146,0.0331065327285991,0.0335172683355474,0.0339095775101048,0.0342836077156194,0.0346383670882597,0.0349739652107586,0.0352894825049464,0.0355849888261854,0.0358596415088734,0.0361134689874094,0.0363457099387622,0.0365563498481598,0.0367447129481474,0.0369107404237113,0.0370538460393392,0.0371739255170608,0.0372704858739317,0.0373433764052876,0.0373922008271572,0.037416761253385
2.24,-0.0136672187957927,-0.0133373444312816,-0.0129950968994084,-0.0126413060012977,-0.0122750764308378,-0.0118978418957588,-0.0115081356013648,-0.0111080015625868,-0.0106953962537828,-0.01027297803673,-0.00983812371386515,-0.00939410760648379,-0.00893772626358351,-0.00847286909632519,-0.00799575422791102,-0.00751088276089841,-0.0070138986701763,-0.00650990878536482,-0.00599398969167193,-0.00547184538829833,-0.00493799433218117,-0.0043987265242633,-0.00384801406905862,-0.00329271918419763,-0.00272628191349854,-0.00215612029273351,-0.00157515910364674,-0.000991353202620581,-0.000397131395254157,0.000199036212532138,0.000805195048367984,0.00141238386490914,0.00202909816425355,0.00264591215516483,0.00327174489161768,0.00389673506665436,0.00453019646259045,0.00516186364564165,0.0058014140757022,0.00643821186079188,0.00708226494485635,0.00772260283413502,0.00836952871540347,0.0090117754345645,0.0096599042378075,0.0103023912238134,0.010950016688275,0.0115910417437319,0.0122364250246028,0.0128742561325788,0.0135156297643923,0.014148509056938,0.0147840810716839,0.0154102289447796,0.0160381871369806,0.0166558065041156,0.0172743228345695,0.0178816035106411,0.0184888386400017,0.0190839618467215,0.0196780697895742,0.020259212773077,0.0208383456626595,0.0214036864135368,0.0219659993667697,0.022513721432286,0.023057377504303,0.0235856748821118,0.024108850099033,0.0246159322012829,0.0251168206595361,0.0256009173358537,0.026077736355944,0.0265371029633945,0.0269880982856334,0.0274210207934004,0.0278444718027436,0.0282492719189322,0.028643496885742,0.029018537193398,0.0293818985166355,0.0297255876057884,0.0300564970448661,0.0303672946271483,0.0306642185084211,0.0309406405005868,0.0312021048842468,0.0314427284467211,0.0316673242396747,0.0318707927560929,0.032057180756253,0.0322222087398233,0.0323691245971303,0.0324945025095509,0.0326007615889622,0.0326853605575622,0.0327498626892047,0.0327926391079479,0.0328143732096288
2.32,-0.0120196280453216,-0.0117321763053147,-0.0114343042634813,-0.0111255609041633,-0.0108068145947323,-0.0104771869874936,-0.010138008089052,-0.00978796740852295,-0.00942886054939309,-0.00905894177721325,-0.00868047443220235,-0.00829127619289028,-0.00789407841259888,-0.0074862626371835,-0.0070710266072686,-0.0066453180222909,-0.00621279745050337,-0.00576998289026909,-0.00532099221949603,-0.00486191975989589,-0.0043973332058558,-0.0039229111185056,-0.00344366153117374,-0.00295485705707547,-0.00246193460535747,-0.00195977254774265,-0.0014542232273649,-0.000939784363850859,-0.000422708328895381,0.00010287235643554,0.000630322637456348,0.0011658579009581,0.00170247966311764,0.00224673212587186,0.00279127449808681,0.00334295894549458,0.0038941253106896,0.00445191116477001,0.00500836168712691,0.00557087564842181,0.00613122996440006,0.00669705881987507,0.00725989888919846,0.00782759248202089,0.00839146559433335,0.00895953995089805,0.00952296188330122,0.0100899024923686,0.0106513608125658,0.0112156260508721,0.0117735835601596,0.0123336082583605,0.0128865065682279,0.0134407057105435,0.0139869689461729,0.0145337414966163,0.0150717801201075,0.0156095129677035,0.0161377277133929,0.0166647997283263,0.0171815856421294,0.0176963718343084,0.0182001224085771,0.0187009981796566,0.0191901095746283,0.0196754550541107,0.0201483303966178,0.0206165348522401,0.0210715886019638,0.0215210549141845,0.0219567172873634,0.0223858664773909,0.0228005879175428,0.0232078637179935,0.0236001194028765,0.0239839928598159,0.024352287233544,0.0247112613283585,0.0250541326472972,0.025386746926555,0.0257027718073576,0.0260076070085623,0.0262954049664658,0.0265710876273681,0.0268293255926543,0.0270745326315852,0.0273019294319247,0.0275153926864356,0.0277107234826705,0.0278912341936185,0.0280533348564118,0.0281997480845138,0.0283275194991906,0.0284387584609842,0.0285311707478193,0.0286062310579182,0.0286623276950886,0.0287002815016019,0.0287191833380131
2.4,-0.0105461010020496,-0.0102961684558135,-0.0100370319451905,-0.00976842844489817,-0.00949093076132644,-0.00920400971709028,-0.0089085338147304,-0.00860370469152177,-0.00829068904996538,-0.00796841737984079,-0.00763835592804843,-0.0072991631744668,-0.00695260506637179,-0.00659706833677762,-0.00623461757623432,-0.00586336918077511,-0.00548568409387265,-0.00509941094836409,-0.00470720350149602,-0.00430664637313299,-0.00390068133558459,-0.0034866339302813,-0.00306772788047982,-0.00264103577111948,-0.00221005594608529,-0.00177161534136615,-0.00132947832930515,-0.000880234683285281,-0.000427904959672591,3.11485774606909e-05,0.000492660269538202,0.000960484558517736,0.00143012298256914,0.00190563475852309,0.00238230211179154,0.00286437600230948,0.00334693399378801,0.00383440468929745,0.00432167676613321,0.00481334133985757,0.00530411505921694,0.0057987354335356,0.00629176497656299,0.00678807053214313,0.00728207935620667,0.00777876967982626,0.00827245330480531,0.0087682010713379,0.00926022999527131,0.00975368397885763,0.010242706717839,0.0107324949268289,0.0112171411736074,0.0117018741034198,0.0121807579987431,0.0126590319963613,0.0131307555066827,0.013601156240083,0.0140643126348469,0.0145254186602441,0.0149785960815704,0.015428982500963,0.0158707676181595,0.0163090098192685,0.0167379915602323,0.0171626690305481,0.0175774423817511,0.0179871425880435,0.0183863124544525,0.0187796347787485,0.0191618198947006,0.0195373796174074,0.0199012164991442,0.0202576488196797,0.0206017957499503,0.0209377598349517,0.0212609008698158,0.0215750839187235,0.0218759329064286,0.0221670542239917,0.0224443588255636,0.0227111738905818,0.0229637195915528,0.0232050241109678,0.0234316382134781,0.0236462721507432,0.0238458277350828,0.0240326793015864,0.0242040991461059,0.0243621087442948,0.0245043691924982,0.0246325332992446,0.0247446680627882,0.0248420430414725,0.0249231469277343,0.0249888527574707,0.0250380853103237,0.0250713092207399,0.0250878982631589
2.48,-0.00923354811092007,-0.00901668570355934,-0.00879132305415179,-0.00855832014786516,-0.00831664448476737,-0.0080678098473385,-0.00781015061344227,-0.00754584137274796,-0.0072725776518749,-0.00699319929070793,-0.00670475977438919,-0.00641076599824272,-0.00610762881853267,-0.00579952129301751,-0.00548221371918136,-0.00516054167532043,-0.0048296396724802,-0.00449499937832635,-0.0041511270264947,-0.00380416112384645,-0.00344798989611817,-0.0030893866014359,-0.00272163450045978,-0.00235212666942269,-0.00197355722163811,-0.00159392127712798,-0.00120534238462129,-0.000816397108271997,-0.000418659758485953,-2.12649462974658e-05,0.000384738219787697,0.000789683236906904,0.00120301949711066,0.00161457746663838,0.00203427572902891,0.00245147322235237,0.00287652587400003,0.00329835516218109,0.00372772005300511,0.00415314111042101,0.00458574366951206,0.00501368630262421,0.00544842178401809,0.0058777878821393,0.0063135237366096,0.0067431896411593,0.00717876801019063,0.00760758699854778,0.00804182732624658,0.00846863220593303,0.00890033396423208,0.00932393977278563,0.00975188529490165,0.010171092100429,0.0105940495171414,0.0110076453141783,0.0114243715871126,0.0118311352820619,0.0122403793277847,0.0126390838078533,0.0130395897062181,0.0134290049854363,0.0138195152652607,0.0141984117008338,0.0145776706956452,0.0149448222675716,0.0153115795338203,0.0156657671804002,0.0160187809702236,0.0163587959717902,0.0166968367521018,0.0170214841550257,0.0173433381644167,0.0176514402371691,0.0179559130718346,0.0182463127846453,0.0185322330042957,0.0188037975237112,0.0190700202681901,0.0193216444576202,0.019567055064739,0.0197976649818874,0.0200211825967874,0.0202297389786847,0.0204303201448698,0.0206158218710711,0.0207924640931016,0.0209539516174803,0.0211056968851931,0.0212422556266464,0.0213681938906674,0.0214789575729649,0.0215782301612011,0.0216623840921389,0.0217341870568893,0.0217909713368741,0.0218345587221758,0.021863271372346,0.0218779583911756
2.56,-0.00806874324264442,-0.00788055013416344,-0.00768525823213936,-0.00748278092637285,-0.00727339183845064,-0.00705689515955346,-0.0068336958727308,-0.0066034876826778,-0.00636680801039675,-0.00612323923218909,-0.00587345177437574,-0.00561691630088196,-0.00535443628884091,-0.00508537077453729,-0.00481065579880278,-0.00452953933271264,-0.00424308895226913,-0.00395044261061337,-0.00365279784218259,-0.00334918411955066,-0.00304092680593429,-0.00272694892408475,-0.0024087009808526,-0.00208500207456072,-0.00175742461468307,-0.00142468679436932,-0.00108847913070785,-0.000747422421904234,-0.000403320947798445,-5.47021078390668e-05,0.000296520943647011,0.000651909730989541,0.00100944764826218,0.00137078019913332,0.00173379327247006,0.00210021094887776,0.00246782806845826,0.00283844144205336,0.00320976181170027,0.00358365244329172,0.00395774740765683,0.00433396974001001,0.00470988472259435,0.00508746808370999,0.00546422463276086,0.00584217534648093,0.00621877328546332,0.00659607688590151,0.00697149656489816,0.0073471201108453,0.00772032475489888,0.00809321924001013,0.00846315739008426,0.00883226024431541,0.00919786828621889,0.00956210596364509,0.00992231073993717,0.0102806013877593,0.010634322887334,0.0109855790905575,0.0113317332102922,0.0116748648062499,0.0120123661788007,0.0123462831353893,0.0126740480169193,0.0129976633681252,0.0133146125794708,0.0136268454114787,0.0139319073259844,0.0142316858068932,0.0145237993778875,0.0148100638238017,0.0150881816444376,0.0153598876144589,0.0156229790024132,0.0158791004148302,0.0161261545141368,0.0163656867758985,0.01659571566799,0.016817678809355,0.0170297206252038,0.0172331624312788,0.0174262844563607,0.0176102835870837,0.0177835853507413,0.0179472544407255,0.0180998707813778,0.0182423595109128,0.0183734636084505,0.0184939617368576,0.0186027681034752,0.0187005084559387,0.0187862758765871,0.0188605372755254,0.0189225716891255,0.018972681821136,0.0190103391336706,0.0190356773430702,0.0190483661636741
2.64,-0.00703831911279728,-0.0068752282913863,-0.00670614273187807,-0.00653048119627968,-0.00634919151122894,-0.00616118670107307,-0.00596794214505766,-0.00576785953467954,-0.00556294641041147,-0.00535108954712455,-0.00513483116562493,-0.00491154160638873,-0.00468429814764179,-0.00444995529151325,-0.00421212356405164,-0.00396714437885113,-0.003719157476922,-0.00346399611873064,-0.00320632297594343,-0.00294147030031549,-0.00267461513892291,-0.00240059810296703,-0.00212509977818966,-0.00184248073295013,-0.00155891197202027,-0.00126828784487505,-0.000977254380746777,-0.000679255747830024,-0.000381395347779465,-7.66853967338109e-05,0.00022733321364474,0.000538059829978498,0.000847538146589051,0.00116355656463029,0.00147776758742306,0.00179832409423256,0.00211651371110972,0.00244082721115504,0.00276221568156628,0.00308947926701702,0.00341326280328055,0.00374264542566198,0.00406799786975017,0.00439864611046637,0.0047247207036982,0.00505576064061856,0.00538169188340524,0.00571223105039222,0.00603713664888811,0.00636626608483008,0.0066892489810489,0.00701604536465123,0.00733619584631892,0.00765972371259901,0.00797612159872994,0.0082954356328599,0.00860715253076319,0.00892129993460698,0.00922740156375535,0.00953542449015733,0.00983497306808345,0.0101359111176826,0.0104279678028073,0.0107208605778776,0.0110044879639216,0.0112883776734738,0.0115626423298631,0.0118365764399887,0.012100551492427,0.0123635854156231,0.0126163531607851,0.0128675529777648,0.0131082075258505,0.0133466527331281,0.0135743026718194,0.0137990889481527,0.0140128600213276,0.0142231020059098,0.0144221398002953,0.0146169738754163,0.0148004465082047,0.0149790335789386,0.0151461343792463,0.0153076626425858,0.0154576128195086,0.0156013005152368,0.0157333518051419,0.0158584499406321,0.0159718872262358,0.0160776822672781,0.0161718261609792,0.0162576426806694,0.0163318520645521,0.0163970553422276,0.0164507298571076,0.0164947284192928,0.0165273108951598,0.0165495589904736,0.0165605378106833
2.72,-0.00612939035146086,-0.00598843812936797,-0.00584181244319146,-0.00569013302865927,-0.00553264225978257,-0.00537043486448978,-0.00520229182619914,-0.00502978796889133,-0.00485123872076186,-0.00466870223942744,-0.00448002608224738,-0.00428775306053696,-0.00408926244083813,-0.00388758104672383,-0.00367962136936163,-0.00346889160478969,-0.00325184095223607,-0.00303245431268799,-0.00280672306992998,-0.00257910211302858,-0.00234513249719813,-0.00210973031971881,-0.00186799581382077,-0.00162529543669788,-0.0013763001270503,-0.00112681378820426,-0.000871091605458741,-0.000615359960510083,-0.000353473824378783,-9.20650555606053e-05,0.000175394076359769,0.00044188524253038,0.000714299421179023,0.000985252786657309,0.00126197821224418,0.00153674926957298,0.00181711752542333,0.00209503870788082,0.00237835808590787,0.00265874010410185,0.00294429702014761,0.00322643028321012,0.00351349078021517,0.00379664689949077,0.00408445823617446,0.00436789160903485,0.00465568393148873,0.0049386334026476,0.00522562149596774,0.00550731209341203,0.00579269721022074,0.00607234195261953,0.0063553137150552,0.00663211548725584,0.0069118538587412,0.00718500735171392,0.00746068467454975,0.0077293783858993,0.00800016148047214,0.0082635797713965,0.00852863209253733,0.00878595729688191,0.00904444114266761,0.00929485572349849,0.00954593449155101,0.00978862324045274,0.0100314637265625,0.0102656160006573,0.0104993907343386,0.0107242027258228,0.0109480923371994,0.0111627693700032,0.0113759649822262,0.0115797238302221,0.0117814294714345,0.0119735006924493,0.0121629357211391,0.01234256600087,0.0125189675382937,0.0126854220380804,0.0128480474012914,0.0130006121035662,0.0131487412324516,0.0132867252775698,0.013419663149183,0.0135424011572327,0.0136594801806067,0.0137663345517058,0.0138669169362517,0.0139572801227671,0.0140407602132893,0.0141140569573548,0.0141798635286715,0.0142355530583364,0.0142831515624574,0.0143207297397759,0.0143496244985784,0.0143686259129382,0.0143783622492876
2.8,-0.00532991132183852,-0.00520802937521973,-0.0050813150228808,-0.00495004694385672,-0.00481393108377452,-0.00467344798802666,-0.00452811484625821,-0.00437861620818053,-0.00422427877405899,-0.00406599244754162,-0.00390289246747472,-0.00373607463100498,-0.00356448252410851,-0.003389417548432,-0.00320963224266154,-0.00302663247986481,-0.00283898116750127,-0.00264838666052582,-0.00245322447206765,-0.00225540258386179,-0.00205311217957818,-0.00184845714129198,-0.00163944821989926,-0.00142838059773284,-0.00121308932186984,-0.00099605540239499,-0.000774943740791683,-0.000552414834781283,-0.000325969821238322,-9.8441486256841e-05,0.000132825604218906,0.00036483442198841,0.000600388979316156,0.000836336883307511,0.00107562194992238,0.00131494611055519,0.00155738344940857,0.0017995006994313,0.00204449194111628,0.0022887999475326,0.00253572781500888,0.00278160632596404,0.00302983593511649,0.00327664809988713,0.00352552833391127,0.0037726220939101,0.00402148704927784,0.00426819659775259,0.00451636709927277,0.00476201440714875,0.0050087995894002,0.0052526959944882,0.00549739494666867,0.00573884280323451,0.00598074627423795,0.00621904065970874,0.00645743282001637,0.00669186329538096,0.00692602355212925,0.00715587597237793,0.00738508083374949,0.00760963920449075,0.00783316418936351,0.00805171256555483,0.00826883415414036,0.00848065857667567,0.00869065619768106,0.00889504666339107,0.00909720471304984,0.0092934571734924,0.00948706706163043,0.00967448544587847,0.00985884766401017,0.0100367459204841,0.010211172126774,0.0103788762790151,0.0105426913947902,0.0106995416059304,0.0108520859182911,0.0109974385588477,0.0111380698237977,0.0112712995373026,0.0113993950777051,0.011519896838574,0.0116348556311419,0.0117420467890961,0.0118432915345345,0.0119366138398113,0.0120235930101603,0.0121025146136799,0.0121747044708453,0.0122387218934536,0.0122956284728723,0.0123442685377424,0.0123854295910988,0.0124182513133517,0.0124432382042527,0.0124598346318545,0.0124682541783727
2.88,-0.00462837834836454,-0.00452297386055226,-0.00441374855410334,-0.00429999787672359,-0.00418279572967314,-0.00406084384247844,-0.00393582580718509,-0.00380584311247068,-0.00367319440822127,-0.00353537677424245,-0.00339530686424476,-0.00324987559996499,-0.00310261810297631,-0.00294981986242275,-0.00279563239799778,-0.002635739013099,-0.00247490297956887,-0.00230821122048636,-0.00214103150494583,-0.00196786276709368,-0.00179466738683859,-0.00161536730397058,-0.00143650697899794,-0.00125144496193232,-0.00106729261829005,-0.00087686131903813,-0.000687811522990042,-0.000492426224255301,-0.000298894547409115,-9.89924776281104e-05,9.85852066404171e-05,0.00030254563233557,0.000503713920641157,0.000711253932947531,0.000915538731124894,0.0011261601117753,0.00133306954067572,0.00154625559930531,0.00175528096606255,0.00197049758749599,0.00218111442096928,0.00239781118146993,0.00260948033037641,0.00282709168118002,0.00303926047323428,0.00325720698947032,0.00346931044965386,0.00368700014253962,0.00389846226842973,0.00411529195840535,0.00432552705030104,0.00454088379855892,0.00474929784195174,0.0049625604376016,0.00516855253535219,0.00537909303525447,0.00558205688665163,0.00578924220474685,0.0059885676284459,0.00619176117120778,0.00638683566886902,0.00658539901331383,0.00677560937059089,0.00696890398108698,0.00715363790244906,0.00734102688238751,0.0075196746560999,0.00770052453031247,0.00787248071974606,0.00804616324338892,0.00821082840068338,0.008376722390146,0.00853350478811205,0.00869099796936088,0.0088393153473764,0.00898780621700243,0.00912708753653461,0.00926598723064389,0.00939567443591617,0.00952440860188303,0.00964395838110176,0.00976196904709638,0.00987085458955797,0.00997760202666387,0.0100753147709796,0.0101702793426329,0.0102563307112356,0.010339014704647,0.0104129378196826,0.0104828672538445,0.010544218629501,0.0106009450343401,0.0106493062406287,0.0106924084018328,0.01072738769481,0.0107564733588429,0.0107777072722497,0.010792414806068,0.0107995696993628
2.96,-0.00401402750819971,-0.00392319753824666,-0.0038287111281997,-0.00373081150982305,-0.00362922920331261,-0.00352438699034632,-0.0034158455908964,-0.00330420924784936,-0.00318886733113469,-0.0030706067535711,-0.00294864466872898,-0.0028239511462509,-0.00269557095778922,-0.0025646570783499,-0.00243008244760796,-0.00229318194227515,-0.00215265794755096,-0.00201002547495869,-0.00186381836956567,-0.00171572923944197,-0.0015641261471126,-0.00141087598242234,-0.00125418452963507,-0.00109608886703282,-0.000934636752002009,-0.00077203058044985,-0.000606165078685897,-0.0004394023162543,-0.000269489722772106,-9.89426318087233e-05,7.46323597632721e-05,0.000248573818742761,0.00042540879972361,0.000602337674896619,0.000782013267175276,0.000961506382325618,0.00114358704525469,0.00132520582586289,0.0015092407234509,0.00169253208090976,0.00187805600815514,0.00206255328088169,0.00224908764790753,0.00243431159794473,0.00262136547040863,0.00280682533393334,0.00299389652800284,0.00317909111797959,0.00336566734798072,0.00355008620702573,0.00373564628369041,0.0039187708850366,0.00410278596209525,0.00428409095637721,0.00446602582306582,0.00464498032847532,0.00482429474535235,0.00500036367854882,0.00517651375384668,0.00534915919884553,0.00552159880241551,0.00569028141451914,0.00585846362626669,0.00602264406795001,0.00618602265750124,0.00634516306301578,0.00650319399720512,0.00665675946252335,0.00680890243714806,0.00695636253173391,0.00710208252388357,0.00724291282064547,0.00738168165778407,0.00751536527744493,0.00764666321930082,0.00777269238530488,0.0078960097145094,0.00801388731447913,0.00812872593178946,0.00823796708144828,0.00834384210129348,0.00844397570668077,0.00854041704868362,0.00863098736240913,0.00871754133445961,0.00879810950167472,0.00887434037006525,0.00894448595976872,0.00900997750184581,0.00906930001909311,0.00912365705383652,0.00917177742838311,0.00921462732029122,0.00925118936717392,0.00928218349881379,0.00930685534635837,0.00932567055493084,0.00933814603567086,0.00934448600894561
3.04,-0.00347720623372992,-0.00339893845490242,-0.00331736148590647,-0.00323303752818134,-0.00314523882728619,-0.00305496894421934,-0.00296106552959944,-0.00286497827465348,-0.00276510633920346,-0.00266334857723652,-0.00255766349946483,-0.00245040036938358,-0.00233907667161637,-0.00222649149909575,-0.00210972275204949,-0.0019920169115966,-0.00187001558449639,-0.00174740831023378,-0.00162040556579054,-0.00149313371046067,-0.00136137914415845,-0.00122969688597863,-0.0010934582092663,-0.000957636706395147,-0.000817199373523364,-0.000677526366034428,-0.00053319314442948,-0.000389972503825386,-0.000242062988045362,-9.5614214485935e-05,5.5535716038503e-05,0.000204878048477984,0.000358916827556399,0.000510803677136269,0.000667364705261259,0.00082143321973116,0.000980135572164097,0.00113600979606517,0.00129645898471279,0.00145375061592593,0.00161553940398984,0.00177384859847872,0.00193655786669324,0.00209547409024181,0.00225867375334923,0.00241777667894441,0.00258102665089046,0.00273988710025283,0.00290273830641973,0.00306091923403747,0.00322291466866814,0.00337997218654414,0.00354064801334867,0.00369613245452633,0.00385501914830218,0.00400847616709404,0.00416509969403406,0.00431607140073821,0.00446995443494688,0.0046179805627003,0.00476864373628833,0.00491326283757351,0.00506022602155535,0.00520097669174842,0.00534376030482586,0.00548018243004984,0.00561830877222927,0.00574994479865679,0.00588293940651742,0.00600933562815288,0.0061367286484594,0.00625743651032162,0.00637876408855737,0.00649334150208117,0.00660814718236801,0.00671615984974637,0.00682399598251453,0.00692501872661351,0.00702544788029047,0.00711906597668616,0.00721166234958733,0.00729747285719891,0.00738182368572557,0.00745943677245128,0.00753514373163334,0.00760418399133664,0.00767086458369921,0.00773097234084183,0.00778826126952621,0.00783909386770249,0.00788664438973389,0.00792787746032813,0.00796536271589502,0.00799669142305955,0.00802380573665277,0.00804494599479061,0.00806140614404476,0.00807209580397648,0.00807764225206227
3.12,-0.00300903508191478,-0.00294143751410209,-0.00287139460888079,-0.00279834192564621,-0.00272312597314837,-0.00264471026340988,-0.00256442428679719,-0.00248075433093422,-0.00239551712754103,-0.0023067184336215,-0.00221666456289984,-0.00212287935745098,-0.00202815908630305,-0.00192954625854848,-0.00183032546336464,-0.00172706046215327,-0.00162352048697159,-0.00151579516972294,-0.00140813264003318,-0.00129615507314476,-0.00118458166496761,-0.00106857587525385,-0.000953318039237923,-0.000833523716097469,-0.000714822356490793,-0.000591494504630197,-0.000469604613099939,-0.000343013155775614,-0.000218203400169069,-8.86327330465137e-05,3.88149986922434e-05,0.000171066502823584,0.00030085760324379,0.000435478138520026,0.000567305825298729,0.000703970745071962,0.000837516649104663,0.000975889105806026,0.00111082390203831,0.00125055553379936,0.00138653961395688,0.00152727127702837,0.00166395546327471,0.00180531800913501,0.00194234430755927,0.00208395940345763,0.00222096179616613,0.00236244278769989,0.00249904806215973,0.00264000087633926,0.00277582949049575,0.00291585357760672,0.00305052055917259,0.00318920987160334,0.00332232574979502,0.00345926975585658,0.0035904415237325,0.00372522625436184,0.00385405835979965,0.00398626748590248,0.00411236284913725,0.00424157878719616,0.0043645398427292,0.00449034488617647,0.00460977464675646,0.00473175212048861,0.00484725526076179,0.00496499069605584,0.00507617465338193,0.00518925698036113,0.00529573307019579,0.00540375582488664,0.00550514036804043,0.00560770291096232,0.00570361836996062,0.00580032711309608,0.00589040323478438,0.00598087287369104,0.00606474783515596,0.00614860258290199,0.00622592413771046,0.00630279895724348,0.00637322557894128,0.00644276741043704,0.00650596943019332,0.00656783840987507,0.00662349914511197,0.00667736981198474,0.00672518668279133,0.00677074916969766,0.00681043479979494,0.0068473960051701,0.0068786793041692,0.0069067640408552,0.00692939126453446,0.0069483433820028,0.00696207916732135,0.00697166264365558,0.00697629101522129
3.2,-0.00260128512350985,-0.00254312787889275,-0.00248271597390302,-0.00241991160617302,-0.0023549543160787,-0.00228758288964621,-0.00221816805150209,-0.00214632380290678,-0.00207255319201548,-0.00199634455440624,-0.00191833388287293,-0.00183788347207554,-0.00175576234938249,-0.00167120691069209,-0.00158511876564474,-0.00149660908071274,-0.00140671104420304,-0.00131441179747275,-0.00122087454560119,-0.0011249641498475,-0.00102797170704344,-0.000928642087675027,-0.000828391589556045,-0.000725847927445323,-0.000622549343260165,-0.000517009775975032,-0.000410885590580977,-0.000302580872004448,-0.000193865727438604,-8.30388458762101e-05,2.80208573092671e-05,0.000141115102318291,0.000254261643674718,0.000369357105508693,0.000484321922867037,0.000601141612482546,0.000717645819176177,0.000835902449704851,0.000953657390211905,0.00107305396079869,0.00119176180406059,0.00131199222212715,0.00143134659168299,0.00155209633267788,0.00167178297263757,0.00179272977621313,0.00191242725197563,0.00203324185340998,0.00215262228591706,0.00227296918147907,0.00239169901368018,0.00251123725851601,0.00262897805260591,0.00274736208960758,0.00286377135348653,0.002980651871487,0.00309538391278311,0.00321040873230858,0.00332311553819397,0.00343593052289272,0.00354626266381993,0.00365651265557873,0.00376412021096154,0.00387144998661548,0.00397598349037919,0.00408003873781966,0.00418115014165049,0.00428157845303807,0.00437892210506986,0.00447537398476633,0.00456860762135545,0.00466073750610037,0.0047495232542571,0.00483699054303114,0.00492099593099817,0.00500346602193712,0.00508236499533309,0.00515951032698456,0.00523298426786364,0.0053044853620114,0.00537222410812871,0.00543777061135012,0.00549947347286763,0.00555876519393563,0.00561414196475423,0.00566688990494898,0.00571566186581047,0.00576158923916598,0.00580349014963331,0.00584233339011221,0.005877110466508,0.00590862021907325,0.00593603509543572,0.00595997718797106,0.00597980685707333,0.00599596325009564,0.0060080009815683,0.00601617069267466,0.00602022692527405
3.28,-0.00224673782249504,-0.00219680715618159,-0.00214460828165206,-0.00209082418987252,-0.00203453468644779,-0.00197696804875555,-0.00191666164803727,-0.00185539496574263,-0.00179115809833124,-0.00172628549792661,-0.00165821731082824,-0.00158984451648822,-0.00151805685524579,-0.00144630112974782,-0.00137091848463087,-0.00129590853825563,-0.00121706795392254,-0.00113894382095679,-0.00105679476909551,-0.000975707651639301,-0.000890411866186992,-0.000806523945047026,-0.000718255219686537,-0.000631739432220056,-0.000540683379951401,-0.0004517231648091,-0.000358076939497181,-0.000266865948299736,-0.000170837928204855,-7.7579704275246e-05,2.0610862319519e-05,0.000115703237956755,0.000215826624797863,0.000312530919849131,0.000414347352110138,0.00051243260148464,0.000615692722062275,0.00071491967789893,0.000819365050047597,0.000919486662720371,0.00102485030835097,0.00112561223778322,0.0012316192106377,0.00133276036716341,0.00143912835996186,0.00154038147387894,0.00164682145842189,0.00174791367729069,0.00185413057638518,0.00195478408903354,0.00206047747899914,0.0021604101651048,0.00226527500750369,0.00236420111153542,0.00246792851266085,0.00256555934087129,0.00266783733742076,0.00276388197649765,0.0028643963457509,0.00295856240164884,0.00305699749436812,0.00314899184976031,0.00324503144392972,0.00333456103263949,0.00342788920606352,0.00351466180275775,0.00360496382244592,0.00368868884579828,0.00377565207197345,0.00385604139943401,0.00393935620191721,0.00401612499415702,0.00409548567880129,0.00416835321183659,0.00424345895460721,0.00431214945754742,0.00438270524377596,0.00444694874008343,0.00451266630635875,0.00457219945645659,0.00463279823255759,0.00468736517557448,0.00474257322379708,0.00479192641619574,0.00484148136538102,0.00488538241417931,0.00492903238571053,0.00496725287397223,0.00500475739697664,0.00503707969922184,0.0050682106121881,0.00509442869735213,0.00511897103335697,0.00513889125291108,0.00515664410563878,0.00517008596447633,0.00518086333221281,0.00518766023990098,0.00519129184469001
3.36,-0.00193898122865288,-0.00189591064679139,-0.00185121305256669,-0.00180464835544057,-0.0017565877551945,-0.00170658765860991,-0.00165522923633874,-0.00160186315420158,-0.00154728239982887,-0.00149063046738806,-0.00143291317437083,-0.0013730662422751,-0.00131230847716537,-0.00124936807568329,-0.00118567611917093,-0.00111975439207711,-0.00105324465111199,-0.0009844642588093,-0.000915263149470448,-0.000843757140995329,-0.000772000941847238,-0.000697912595484572,-0.000623747271235234,-0.000547229903550901,-0.000470810898902357,-0.000392027642085541,-0.000313519645745999,-0.000232643193239173,-0.0001522198721455,-6.94321926277062e-05,1.2724103491697e-05,9.72320836133211e-05,0.000180930647122753,0.00026695939246765,0.000352001511859407,0.000439343257737056,0.000525522600437364,0.000613961762989393,0.000701064786469462,0.000790378402766888,0.000878184793408115,0.000968142990886317,0.00105642612996294,0.00114679262448298,0.00123532008053976,0.00132585270227074,0.00141438674908779,0.00150483799531131,0.00159313615456322,0.00168325376840802,0.00177106937603996,0.0018605969500629,0.00194767974532323,0.00203635734876148,0.00212245408474802,0.00221001891317834,0.00229487398767472,0.00238106103372745,0.00246441713902693,0.00254895988271683,0.00263055867305366,0.00271318979020622,0.00279277256533964,0.00287322465251037,0.00295053305593366,0.00302853937013995,0.00310331610031694,0.00317861131182692,0.0032506008447912,0.00332292180114258,0.00339187112273062,0.00346095762208425,0.00352661696801314,0.00359221253988226,0.00365433614182526,0.00371618883316121,0.0037745356689215,0.0038323988334815,0.00388673337931486,0.00394036646818626,0.00399045945127859,0.00403962880238842,0.00408525795145321,0.00412973757585082,0.00417068836777594,0.00421026073044113,0.00424632713088292,0.00428078392378208,0.00431176911957878,0.00434091202466725,0.00436662914592281,0.00439027058577354,0.00441054341544705,0.0044285072891734,0.00444317095799965,0.00445529336013422,0.00446419502469603,0.00447032494468795,0.0044733244464624
3.44,-0.00167208025812674,-0.00163501848607384,-0.00159664363400789,-0.00155652205343115,-0.00151529210109912,-0.00147216052390946,-0.00142813195863913,-0.00138204961125621,-0.00133528763585942,-0.00128632318522262,-0.00123690171160797,-0.00118513326532042,-0.00113313488453316,-0.00107864996453249,-0.00102416589284724,-0.000967061382142217,-0.000910191382887288,-0.000850573444958798,-0.000791425725809936,-0.00072940969634453,-0.000668100781885712,-0.000603811032581066,-0.000540465611991636,-0.000474035386246914,-0.000408786136037616,-0.00034035735641726,-0.000273344738202353,-0.000203067785639272,-0.000134439818997872,-6.24732837811121e-05,7.61470567202589e-06,8.11043009994068e-05,0.000152489958145377,0.000227328463770638,0.000299842704862951,0.0003758486762796,0.000449316013839062,0.000526301071639949,0.000600539962971011,0.000678309179399639,0.000753132398260973,0.000831484709977164,0.000906699740868649,0.000985428387299606,0.00106083784175739,0.00113973082832014,0.00121513288254108,0.00129397346793754,0.00136916232098448,0.0014477295276862,0.00152249587945602,0.0016005650264122,0.00167469657448021,0.00175203983100032,0.00182532178538682,0.00190170874506804,0.00197392435990645,0.00204912263339668,0.00212005375441761,0.00219382957972716,0.0022632572064092,0.00233537607540872,0.00240308093658498,0.00247330823625394,0.00253907137790349,0.00260717304482279,0.00267077642871858,0.00273651961523336,0.00279774672706264,0.00286090047747628,0.00291953694299688,0.00297987287809619,0.0030357070858418,0.00309300009399554,0.0031458238229959,0.00319985275601471,0.00324946180695249,0.00330001017884865,0.00334620500703395,0.00339306169377374,0.00343564804227948,0.00347860798057971,0.00351739751184768,0.00355626239503168,0.00359107331922844,0.00362565228812537,0.00365630998650134,0.00368642031334604,0.00371275795482889,0.00373822571809862,0.00376008486733403,0.00378074561544256,0.00379797683048197,0.00381367623224135,0.00382613965006708,0.0038367341298231,0.00384430003789676,0.00384965739324547,0.00385220678526556
3.52,-0.00144084919969621,-0.00140914305778279,-0.00137592710697436,-0.00134177456737606,-0.0013059049672356,-0.00126935124156445,-0.00123087439231522,-0.00119197206372066,-0.00115094264468222,-0.00110975166865155,-0.00106623265405748,-0.0010228203396156,-0.000976882991268915,-0.000931323962193114,-0.000883047798503439,-0.000835423934279367,-0.000784896675281804,-0.000735297031568901,-0.000682614519585732,-0.00063113522800989,-0.000576401323678778,-0.000523145470820528,-0.000466471924277771,-0.000411549409776075,-0.000353055706850221,-0.000296583080594944,-0.000236396263934628,-0.000178496542374832,-0.000116751007504922,-5.75534691551556e-05,5.60926447306605e-06,6.59693041904497e-05,0.000130400847016363,0.000191782281398243,0.00025732765222349,0.000319583849130576,0.000386081777957473,0.000449060865567069,0.000516344120440456,0.000579889292540028,0.000647785029953013,0.000711734870349114,0.000780065008696689,0.000844253834255631,0.00091283544974362,0.000977093671522243,0.00104573941586263,0.00110989391772975,0.0011784124568774,0.00124228699096917,0.00131048346407962,0.00137389906237516,0.00144157556008837,0.00150435096133613,0.00157130702241777,0.00163325911358758,0.00169929223888708,0.00176023651026902,0.00182514269288292,0.00188489370590081,0.00194846797636105,0.00200683984311701,0.00206887682835691,0.00212568370187311,0.00218597819665892,0.00224103477073422,0.00229938232018841,0.00235250433774091,0.00240870182952316,0.00245970659824508,0.00251355286290107,0.0025622597770096,0.0026135561949438,0.0026597872617715,0.00270833837525047,0.00275191874538069,0.0027975328739267,0.0028382913735444,0.0028807812310367,0.00291855089513226,0.0029577342068946,0.0029923528119286,0.00302805293004719,0.00305936352465727,0.00309141003974312,0.00311926147205036,0.00314749081963462,0.00317173825968662,0.00319599431941645,0.00321649977528697,0.00323663446107352,0.00325326728712515,0.00326914112638445,0.00328177852219062,0.00329326122231192,0.00330178872072834,0.00330875972090413,0.00331307166377705,0.00331542067033367
3.6,-0.00124085257811564,-0.00121355971941802,-0.0011851252257246,-0.00115564462684332,-0.00112500508010028,-0.00109337449318593,-0.00106057059234649,-0.00102683443889758,-0.000991913699438801,-0.000956123080742009,-0.000919139839949359,-0.000881352529445749,-0.000842367932898126,-0.000802648350096733,-0.00076173031900973,-0.000720149484657106,-0.000677372663789585,-0.000634008136045315,-0.000589453821922485,-0.000544389613337877,-0.000498145662593641,-0.000451472137739111,-0.00040363285543163,-0.000355446609068043,-0.000306112616875026,-0.000256516332615252,-0.000205794416869439,-0.000154896706328535,-0.000102899645908922,-5.08148683945716e-05,2.33875745488582e-06,5.54906946059376e-05,0.000109676718401275,0.000163770578680129,0.000218859476579226,0.000273764932138859,0.000329622075334875,0.000385203963528981,0.000441689888850998,0.00049780848714885,0.00055477918650595,0.000611290505397824,0.000668597733643242,0.000725353827094129,0.00078284542782651,0.00083969472077915,0.000897214969538457,0.000954002601910244,0.00101139256616672,0.00106796075272889,0.00112505866800475,0.00118124707347677,0.00123788873488235,0.00129353486351939,0.00134955403192812,0.00140449363082583,0.00145972245285637,0.00151378992814372,0.00156805936906241,0.00162108821410217,0.00167422850270534,0.00172605173737072,0.00177789282185434,0.00182834344190201,0.00187871545567544,0.0019276268911875,0.00197636062753992,0.00202356720936231,0.00207049460384353,0.00211583203690477,0.00216078665623818,0.00220409249859137,0.00224691003489454,0.00228802418128655,0.00232854295033592,0.0023673081190713,0.00240536956131069,0.00244163178314401,0.00247708096610291,0.00251069007386247,0.00254337619461925,0.00257418631223663,0.00260396319853451,0.00263183322812961,0.00265855983672865,0.00268335394237791,0.0027068948532058,0.00272848294000274,0.00274870884464957,0.00276696703165137,0.00278375521474046,0.002798566300383,0.00281180111233962,0.00282305503089499,0.00283262835062942,0.00284022261827585,0.00284603430429512,0.00284987445336853,0.00285183278183342
3.68,-0.00106799632246775,-0.00104446338110969,-0.00102021305043249,-0.000994662488036443,-0.000968648948384347,-0.000941111407619203,-0.000913371048124577,-0.000883883442792191,-0.000854457990347794,-0.000823063530262283,-0.000792000039787539,-0.000758748238156413,-0.000726099068623497,-0.000691045731501673,-0.000656868507520522,-0.000620075704996906,-0.000584433263788772,-0.000545969282607356,-0.000508929606231227,-0.000468868883596795,-0.000430505016328134,-0.000388928054696205,-0.000349318005493614,-0.000306311268195481,-0.000265537898227765,-0.000221193685834175,-0.000179344581078014,-0.000133760888459141,-9.09282174158722e-05,-4.42085715105673e-05,-4.8892812956469e-07,4.72577935066725e-05,9.17635615711267e-05,0.000140423331312593,0.000185610308944163,0.000235064168550718,0.000280823573706618,0.000330947872444773,0.000377167270736715,0.000427833921862659,0.000474397454895133,0.000525474210136584,0.000572262837273833,0.000623613578887704,0.000670505332080167,0.000721990382003173,0.000768860633263701,0.000820337078813345,0.00086705881989331,0.00091838085541737,0.000964824989192918,0.00101584427300682,0.00106187991604611,0.00111244594193952,0.00115794073768297,0.00120790122021992,0.00125272166216722,0.00130192293494805,0.00134593469920841,0.00139422212520715,0.00143729041173246,0.00148450880477026,0.00152649868655562,0.00157249274291905,0.00161326952242021,0.001657884261584,0.00169731383356837,0.00174039504693439,0.00177834426694987,0.00181973897346876,0.00185607603108441,0.00189563293858371,0.00193022773452686,0.00196779770552873,0.00200052223181576,0.00203595875259024,0.00206668747472257,0.0020998471262874,0.00212845736655991,0.00215920029630665,0.00218557261725402,0.00221376300985176,0.00223778159683776,0.00226328814304087,0.00228484118497792,0.00230753754694303,0.00232651761411321,0.00234628288581273,0.00236258730374794,0.00237930646505375,0.00239283768342152,0.00240640204642224,0.00241706800185465,0.00242737564796429,0.00243509011976121,0.00244204632617455,0.00244672928380862,0.00245024693786168,0.00245182487921113
3.76,-0.000918647637122033,-0.000898568911852322,-0.000877553237381736,-0.000855900240588315,-0.000833204644877256,-0.000810005733160059,-0.000785659654105582,-0.00076094794871209,-0.000734986063107385,-0.00070879945287144,-0.00068126168588835,-0.000653642817400809,-0.000624574337430896,-0.000595570592197382,-0.000565021790763901,-0.00053468524916162,-0.000502711705652583,-0.000471099097527096,-0.000437761528537813,-0.000404934170313229,-0.000370298363426258,-0.000336322081635589,-0.000300458813506885,-0.000265403854683501,-0.000228388793345641,-0.000192329720251751,-0.000154243311588309,-0.00011725888579215,-7.81862241815238e-05,-4.035927503132e-05,-3.89958203439308e-07,3.81927617168288e-05,7.89647935215356e-05,0.000118212766332035,0.000159689406765431,0.000199508520465668,0.000241587688853275,0.000281880421534001,0.000324456269804145,0.000365121886658977,0.000408085021140974,0.000449019784002185,0.000492257501766728,0.000533354890851103,0.000576751430217832,0.000617902377729943,0.000661339182519154,0.000702432317721085,0.000745788314778669,0.000786710220097148,0.000829862109574443,0.000870497587278615,0.00091332014510191,0.000953552494047785,0.000995918885965978,0.00103563018786693,0.00107741229442039,0.00111648370906716,0.0011575524607764,0.00119586452959482,0.00123609025162423,0.00127352320892483,0.00131277597443456,0.00134921006567465,0.00138736005703318,0.00142267586338026,0.00145959374037094,0.00149367250882508,0.00152922978294249,0.00156195376124589,0.00159602317514243,0.00162727595067622,0.00165973186178546,0.00168939870362713,0.00172011747095922,0.00174808567424914,0.00177694604732412,0.00180310527906626,0.00182998878792441,0.00185423143332516,0.00187902277852898,0.00190124428695812,0.00192383172847898,0.00194393095811965,0.00196420670198294,0.0019820862622219,0.00199994684376859,0.00201551343436489,0.00203086009697392,0.00204402484303301,0.00205676391113907,0.00206744269291086,0.00207748593814484,0.00208559971465802,0.00209286471393376,0.00209833983947465,0.00210275032384514,0.00210551885628845,0.00210700504939722
3.84,-0.000789813404296689,-0.000772602529144211,-0.000754541258571085,-0.000735999184476504,-0.000716470478283372,-0.000696621805057821,-0.000675650653991936,-0.000654523992413738,-0.000632139984593222,-0.000609767956526009,-0.000586005288260326,-0.000562424516102661,-0.00053732198977456,-0.000512573075043507,-0.000486174083790189,-0.000460301574691274,-0.000432654073654689,-0.000405706421514372,-0.000376862885464812,-0.00034889238992845,-0.00031890975710095,-0.000289972500026563,-0.000258912102046191,-0.000229067870052473,-0.000196995347862286,-0.00016630754351799,-0.000133292749262159,-0.000101828290933278,-6.79451757875514e-05,-3.57743861885445e-05,-1.10087417072542e-06,3.1702642303749e-05,6.7084794469368e-05,0.000100444285525092,0.000136449642373523,0.000170285352571694,0.000206824967535033,0.000241054293852342,0.000278035890368476,0.000312573548361735,0.000349901714209791,0.000384659914553103,0.000422236309128168,0.000457124944259202,0.000494848518455501,0.000529775359036044,0.0005675425873645,0.00060241348822923,0.00064011861275227,0.000674837727988668,0.000712373013612438,0.000746843020384076,0.000784099021005962,0.000818221351701057,0.00085508718666878,0.000888762268926095,0.000925125909223738,0.00095825341335861,0.000994001976894919,0.00102648107021954,0.00106150112555481,0.00109323073305899,0.00112740861086898,0.00115828768170055,0.00119150979323929,0.00122143757239692,0.00125359073418509,0.00128246703881137,0.00131343880274325,0.00134116430238137,0.00137084329041156,0.00139731979056611,0.0014255960331068,0.00145072676142737,0.00147749203855897,0.00150118193294466,0.00152633011751631,0.00154848611542019,0.00157191351709263,0.00159244484528746,0.00161405055454907,0.00163286901859963,0.00165255524976702,0.00166957552243966,0.00168724795463754,0.00170238786246479,0.00171795597756531,0.0017311367847723,0.00174451420126274,0.001755660890253,0.00176676569199167,0.00177580723958208,0.00178456229839658,0.00179143194698613,0.00179776523806487,0.00180240076091819,0.0018062456699462,0.00180858962977124,0.00180988525076428
3.92,-0.000678780370192924,-0.000663884751587044,-0.00064861431672887,-0.000632394392419173,-0.000616043960529545,-0.000598518486418843,-0.000581111454482535,-0.000562303341670976,-0.000543866343411969,-0.000523802679345405,-0.000504365575085317,-0.000483077632943202,-0.000462673490970436,-0.000440196726995576,-0.000418861796342682,-0.000395235834866545,-0.000373009509411514,-0.000348278115358567,-0.000325202889185721,-0.00029941392787324,-0.00027553534184963,-0.000248740725933576,-0.000224107305477442,-0.000196362928930258,-0.000171026112969215,-0.00014239177201181,-0.000116405833149882,-8.69451340974507e-05,-6.03670900318118e-05,-3.01473440514514e-05,-3.0368603018315e-06,2.78710348809979e-05,5.54517508450202e-05,8.69734422142911e-05,0.000114959755340396,0.000147017578714268,0.000175342549098555,0.00020785568595288,0.000236450199782017,0.000269334846573088,0.000298127755101589,0.000331297304847128,0.000360215571211135,0.000393580807046803,0.000422549660693015,0.000456018961080092,0.000484962059565833,0.000518441614784152,0.000547281212682118,0.000580675252201033,0.000609332376819954,0.000642543407099211,0.000670938040709663,0.000703867092941656,0.00073191836117452,0.000764465248439653,0.000792091614503394,0.00082415519777131,0.000851274662113293,0.000882753124484721,0.000909283429501325,0.000940074558048273,0.000965933397428626,0.000995934871954913,0.00102104010422371,0.00105014979223331,0.00107441965803944,0.00110253591516721,0.00112588925784689,0.00115291123297465,0.00117526772190047,0.00120109566615202,0.00122237602236277,0.0012469116011432,0.00126703782473376,0.00129018443195282,0.00130908003068852,0.00133074310428396,0.00134833332289018,0.0013684206607451,0.00138463271030996,0.00140305478563932,0.00141781807255558,0.00143448834781985,0.00144773470168158,0.00146256994007112,0.0014742338399311,0.00148715441345331,0.00149717321183894,0.00150810340503083,0.00151641754910924,0.00152528585739198,0.0015318391066692,0.0015385785283577,0.00154331816829248,0.00154786648927228,0.00155074354018205,0.00155304361026852,0.00155401303090312
4,-0.000583032502594976,-0.00057036723618263,-0.000557091520015927,-0.000543434336630601,-0.000529083837387797,-0.000514452687574077,-0.000499045857744997,-0.000483461691614385,-0.000467020346421941,-0.000450507115053427,-0.000433056439746604,-0.000415641088555085,-0.000397209636259793,-0.000378922090187973,-0.00035954177012524,-0.000340414910542335,-0.000320120966448661,-0.00030019059965808,-0.000279021578267499,-0.000258326395545989,-0.000236324105019068,-0.000214905634130669,-0.000192115092342267,-0.000170017640491784,-0.000146487013116753,-0.000123757601329362,-9.95381296935053e-05,-7.62264186294168e-05,-5.137233732181e-05,-2.75305445576801e-05,-2.0989888298516e-06,2.22182023382833e-05,4.81672993308746e-05,7.29028394849657e-05,9.93068595133405e-05,0.000124401441009178,0.000151195203556555,0.000176587376592444,0.000203703271447636,0.000229329568156265,0.000256697697635862,0.000282492764025689,0.000310041094614746,0.000335937830163147,0.0003635923533327,0.000389522058009119,0.000417206959937471,0.00044309948841089,0.000470737328304422,0.000496521251065718,0.000524033147744029,0.000549635918850282,0.000576941745229827,0.000602289876354438,0.000629308461434677,0.000654327701884284,0.000680977039810695,0.000705592562147479,0.000731790027896808,0.000755926618782854,0.00078158918998765,0.000805171445846654,0.000830215930248746,0.000853168457319633,0.000877511725315627,0.000899759343652615,0.000923318565369013,0.000944786516323342,0.000967479402634491,0.000988093559334619,0.0010098386062135,0.00102952568654295,0.00105024242211299,0.00106893020366844,0.0010885394373039,0.00110615697380049,0.00112458104660425,0.00114105888518049,0.00115822192115022,0.0011734923200116,0.00118932047718988,0.00120331762301788,0.00121773934390745,0.00123039956844988,0.00124334582896318,0.00125460782421186,0.00126601238041343,0.00127581741176718,0.00128561704365903,0.00129390916046277,0.00130204391205652,0.00130877015490192,0.00131518356981691,0.00132029417398603,0.00132493352581044,0.00132838212024136,0.00133119863689313,0.0013329424380456,0.0013338915193722
